,GAME_ID,TEAM_ID,TEAM_ABBREVIATION,TEAM_CITY,PLAYER_ID,PLAYER_NAME,NICKNAME,START_POSITION,COMMENT,MIN,FGM,FGA,FG_PCT,FG3M,FG3A,FG3_PCT,FTM,FTA,FT_PCT,OREB,DREB,REB,AST,STL,BLK,TO,PF,PTS,PLUS_MINUS,PERIOD,GAME_WON
0,0022200002,1610612744,GSW,Golden State,201939,Stephen Curry,Stephen,G,,9.000000:20,1,7,0.143,0,4,0.0,2,2,1.0,1,4,5,2,2,0,2,1,4,0.0,1,True
1,0022200002,1610612744,GSW,Golden State,201939,Stephen Curry,Stephen,G,,8.000000:18,4,6,0.667,0,1,0.0,4,4,1.0,0,0,0,2,0,0,0,0,12,2.0,2,True
2,0022200002,1610612744,GSW,Golden State,201939,Stephen Curry,Stephen,G,,10.000000:27,2,4,0.5,2,4,0.5,2,2,1.0,0,1,1,1,2,1,1,0,8,18.0,3,True
3,0022200002,1610612744,GSW,Golden State,201939,Stephen Curry,Stephen,G,,4.000000:43,3,5,0.6,2,4,0.5,1,1,1.0,0,0,0,2,0,0,1,0,9,0.0,4,True
4,0022200026,1610612744,GSW,Golden State,201939,Stephen Curry,Stephen,G,,9.000000:29,2,4,0.5,1,3,0.333,4,4,1.0,0,1,1,2,0,0,0,0,9,1.0,1,False
5,0022200026,1610612744,GSW,Golden State,201939,Stephen Curry,Stephen,G,,8.000000:18,2,4,0.5,0,2,0.0,0,0,0.0,0,2,2,1,0,0,0,0,4,-7.0,2,False
6,0022200026,1610612744,GSW,Golden State,201939,Stephen Curry,Stephen,G,,10.000000:11,2,6,0.333,1,2,0.5,5,5,1.0,1,1,2,1,0,0,2,0,10,9.0,3,False
7,0022200026,1610612744,GSW,Golden State,201939,Stephen Curry,Stephen,G,,7.000000:57,4,8,0.5,3,4,0.75,0,0,0.0,0,0,0,0,0,0,1,2,11,6.0,4,False
8,0022200042,1610612744,GSW,Golden State,201939,Stephen Curry,Stephen,G,,8.000000:35,3,5,0.6,1,2,0.5,0,0,0.0,0,2,2,2,0,0,1,2,7,4.0,1,True
9,0022200042,1610612744,GSW,Golden State,201939,Stephen Curry,Stephen,G,,7.000000:57,6,8,0.75,5,6,0.833,4,4,1.0,0,0,0,0,1,0,0,0,21,16.0,2,True
10,0022200042,1610612744,GSW,Golden State,201939,Stephen Curry,Stephen,G,,9.000000:31,2,5,0.4,1,3,0.333,0,0,0.0,0,2,2,0,0,0,0,1,5,6.0,3,True
11,0022200042,1610612744,GSW,Golden State,201939,Stephen Curry,Stephen,G,,5.000000:18,0,4,0.0,0,1,0.0,0,0,0.0,0,1,1,0,0,0,1,0,0,-7.0,4,True
12,0022200055,1610612744,GSW,Golden State,201939,Stephen Curry,Stephen,G,,9.000000:09,1,3,0.333,0,0,0.0,1,1,1.0,0,2,2,1,0,0,0,0,3,-5.0,1,False
13,0022200055,1610612744,GSW,Golden State,201939,Stephen Curry,Stephen,G,,7.000000:32,3,4,0.75,3,4,0.75,1,2,0.5,0,1,1,3,1,0,0,1,10,-1.0,2,False
14,0022200055,1610612744,GSW,Golden State,201939,Stephen Curry,Stephen,G,,7.000000:51,1,3,0.333,0,1,0.0,1,2,0.5,0,1,1,3,0,0,1,0,3,-9.0,3,False
15,0022200055,1610612744,GSW,Golden State,201939,Stephen Curry,Stephen,G,,5.000000:23,2,7,0.286,1,4,0.25,0,0,0.0,0,3,3,1,0,0,0,0,5,-2.0,4,False
16,0022200068,1610612744,GSW,Golden State,201939,Stephen Curry,Stephen,G,,10.000000:07,3,4,0.75,1,2,0.5,0,0,0.0,1,1,2,2,0,0,1,0,7,0.0,1,True
17,0022200068,1610612744,GSW,Golden State,201939,Stephen Curry,Stephen,G,,8.000000:30,2,4,0.5,1,3,0.333,0,0,0.0,0,0,0,1,0,0,0,0,5,5.0,2,True
18,0022200068,1610612744,GSW,Golden State,201939,Stephen Curry,Stephen,G,,11.000000:20,4,8,0.5,3,6,0.5,0,0,0.0,0,3,3,4,1,0,2,0,11,-2.0,3,True
19,0022200068,1610612744,GSW,Golden State,201939,Stephen Curry,Stephen,G,,6.000000:59,4,6,0.667,2,3,0.667,0,0,0.0,0,2,2,2,0,0,0,0,10,10.0,4,True
20,0022200082,1610612744,GSW,Golden State,201939,Stephen Curry,Stephen,G,,9.000000:32,4,7,0.571,0,3,0.0,0,0,0.0,0,3,3,0,0,0,0,0,8,-9.0,1,False
21,0022200082,1610612744,GSW,Golden State,201939,Stephen Curry,Stephen,G,,5.000000:57,0,1,0.0,0,1,0.0,4,4,1.0,0,0,0,0,0,0,1,2,4,-7.0,2,False
22,0022200082,1610612744,GSW,Golden State,201939,Stephen Curry,Stephen,G,,10.000000:23,4,7,0.571,2,4,0.5,2,2,1.0,0,4,4,2,1,0,1,1,12,12.0,3,False
23,0022200082,1610612744,GSW,Golden State,201939,Stephen Curry,Stephen,G,,8.000000:03,2,6,0.333,1,4,0.25,0,0,0.0,0,3,3,3,0,0,0,2,5,5.0,4,False
24,0022200082,1610612744,GSW,Golden State,201939,Stephen Curry,Stephen,G,,5.000000:00,0,1,0.0,0,1,0.0,2,2,1.0,0,1,1,1,0,0,0,0,2,-7.0,5,False
25,0022200091,1610612744,GSW,Golden State,201939,Stephen Curry,Stephen,G,,9.000000:35,2,5,0.4,1,3,0.333,2,2,1.0,0,1,1,0,2,0,0,0,7,3.0,1,False
26,0022200091,1610612744,GSW,Golden State,201939,Stephen Curry,Stephen,G,,7.000000:35,3,6,0.5,2,5,0.4,0,0,0.0,0,0,0,0,0,0,0,1,8,-12.0,2,False
27,0022200091,1610612744,GSW,Golden State,201939,Stephen Curry,Stephen,G,,10.000000:00,1,5,0.2,0,1,0.0,3,4,0.75,0,4,4,2,0,0,1,0,5,1.0,3,False
28,0022200091,1610612744,GSW,Golden State,201939,Stephen Curry,Stephen,G,,7.000000:49,4,8,0.5,1,5,0.2,3,3,1.0,0,1,1,1,0,0,0,0,12,-4.0,4,False
29,0022200104,1610612744,GSW,Golden State,201939,Stephen Curry,Stephen,G,,9.000000:28,3,3,1.0,2,2,1.0,0,0,0.0,0,2,2,3,1,0,3,0,8,1.0,1,False
30,0022200104,1610612744,GSW,Golden State,201939,Stephen Curry,Stephen,G,,7.000000:07,0,3,0.0,0,3,0.0,2,2,1.0,1,1,2,1,0,0,0,1,2,4.0,2,False
31,0022200104,1610612744,GSW,Golden State,201939,Stephen Curry,Stephen,G,,9.000000:32,2,3,0.667,1,2,0.5,3,3,1.0,0,2,2,7,0,0,1,2,8,8.0,3,False
32,0022200104,1610612744,GSW,Golden State,201939,Stephen Curry,Stephen,G,,8.000000:22,2,5,0.4,1,3,0.333,0,0,0.0,3,4,7,2,0,0,1,0,5,-10.0,4,False
33,0022200118,1610612744,GSW,Golden State,201939,Stephen Curry,Stephen,G,,11.000000:16,1,5,0.2,1,4,0.25,0,0,0.0,1,0,1,3,0,0,2,1,3,3.0,1,False
34,0022200118,1610612744,GSW,Golden State,201939,Stephen Curry,Stephen,G,,7.000000:12,4,5,0.8,3,4,0.75,0,0,0.0,0,0,0,1,0,0,0,1,11,6.0,2,False
35,0022200118,1610612744,GSW,Golden State,201939,Stephen Curry,Stephen,G,,12.000000:00,5,8,0.625,3,5,0.6,1,1,1.0,0,1,1,4,0,0,0,0,14,-10.0,3,False
36,0022200118,1610612744,GSW,Golden State,201939,Stephen Curry,Stephen,G,,7.000000:53,3,4,0.75,1,2,0.5,4,4,1.0,0,1,1,1,0,0,3,1,11,5.0,4,False
37,0022200156,1610612744,GSW,Golden State,201939,Stephen Curry,Stephen,G,,9.000000:46,5,5,1.0,2,2,1.0,0,0,0.0,0,3,3,3,0,0,0,0,12,10.0,1,True
38,0022200156,1610612744,GSW,Golden State,201939,Stephen Curry,Stephen,G,,8.000000:06,3,5,0.6,2,3,0.667,2,2,1.0,0,2,2,2,0,0,0,0,10,-8.0,2,True
39,0022200156,1610612744,GSW,Golden State,201939,Stephen Curry,Stephen,G,,9.000000:45,3,6,0.5,1,4,0.25,1,2,0.5,0,3,3,1,0,0,0,1,8,5.0,3,True
40,0022200156,1610612744,GSW,Golden State,201939,Stephen Curry,Stephen,G,,10.000000:06,6,8,0.75,2,3,0.667,3,3,1.0,0,0,0,2,0,0,0,1,17,13.0,4,True
41,0022200182,1610612744,GSW,Golden State,201939,Stephen Curry,Stephen,G,,10.000000:07,4,6,0.667,1,3,0.333,2,2,1.0,0,0,0,1,1,0,0,2,11,2.0,1,True
42,0022200182,1610612744,GSW,Golden State,201939,Stephen Curry,Stephen,G,,4.000000:31,2,3,0.667,0,1,0.0,0,0,0.0,0,3,3,0,0,0,0,1,4,1.0,2,True
43,0022200182,1610612744,GSW,Golden State,201939,Stephen Curry,Stephen,G,,12.000000:00,4,7,0.571,2,3,0.667,0,0,0.0,0,1,1,3,0,0,0,0,10,1.0,3,True
44,0022200182,1610612744,GSW,Golden State,201939,Stephen Curry,Stephen,G,,7.000000:22,5,7,0.714,3,4,0.75,2,4,0.5,0,0,0,1,0,0,2,1,15,3.0,4,True
45,0022200197,1610612744,GSW,Golden State,201939,Stephen Curry,Stephen,G,,10.000000:02,5,6,0.833,0,1,0.0,3,3,1.0,0,2,2,0,0,0,1,0,13,11.0,1,False
46,0022200197,1610612744,GSW,Golden State,201939,Stephen Curry,Stephen,G,,8.000000:04,0,3,0.0,0,2,0.0,0,0,0.0,0,0,0,3,1,0,1,0,0,-7.0,2,False
47,0022200197,1610612744,GSW,Golden State,201939,Stephen Curry,Stephen,G,,9.000000:42,2,2,1.0,1,1,1.0,3,3,1.0,0,3,3,1,0,0,2,0,8,-6.0,3,False
48,0022200197,1610612744,GSW,Golden State,201939,Stephen Curry,Stephen,G,,9.000000:03,2,6,0.333,2,5,0.4,0,0,0.0,0,1,1,0,0,0,0,0,6,2.0,4,False
49,0022200205,1610612744,GSW,Golden State,201939,Stephen Curry,Stephen,G,,9.000000:12,1,4,0.25,1,3,0.333,0,0,0.0,1,1,2,0,0,0,1,0,3,1.0,1,True
50,0022200205,1610612744,GSW,Golden State,201939,Stephen Curry,Stephen,G,,7.000000:57,3,4,0.75,1,2,0.5,0,0,0.0,0,1,1,0,0,0,0,0,7,6.0,2,True
51,0022200205,1610612744,GSW,Golden State,201939,Stephen Curry,Stephen,G,,9.000000:52,1,3,0.333,1,2,0.5,3,3,1.0,0,2,2,5,1,0,0,1,6,10.0,3,True
52,0022200220,1610612744,GSW,Golden State,201939,Stephen Curry,Stephen,G,,12.000000:00,6,7,0.857,2,2,1.0,3,3,1.0,0,4,4,1,0,0,1,1,17,-3.0,1,False
53,0022200220,1610612744,GSW,Golden State,201939,Stephen Curry,Stephen,G,,6.000000:16,4,6,0.667,2,3,0.667,4,4,1.0,0,0,0,0,0,0,1,0,14,-1.0,2,False
54,0022200220,1610612744,GSW,Golden State,201939,Stephen Curry,Stephen,G,,12.000000:00,3,7,0.429,1,1,1.0,2,2,1.0,0,4,4,3,0,0,1,1,9,-7.0,3,False
55,0022200220,1610612744,GSW,Golden State,201939,Stephen Curry,Stephen,G,,5.000000:58,4,8,0.5,2,5,0.4,0,0,0.0,0,1,1,2,0,1,0,0,10,-3.0,4,False
56,0022200233,1610612744,GSW,Golden State,201939,Stephen Curry,Stephen,G,,10.000000:09,2,5,0.4,2,3,0.667,0,1,0.0,0,3,3,5,0,0,1,1,6,15.0,1,True
57,0022200233,1610612744,GSW,Golden State,201939,Stephen Curry,Stephen,G,,7.000000:36,1,4,0.25,0,3,0.0,0,0,0.0,0,2,2,0,1,0,0,0,2,-5.0,2,True
58,0022200233,1610612744,GSW,Golden State,201939,Stephen Curry,Stephen,G,,12.000000:00,4,7,0.571,2,5,0.4,0,0,0.0,0,1,1,3,0,0,3,1,10,2.0,3,True
59,0022200233,1610612744,GSW,Golden State,201939,Stephen Curry,Stephen,G,,4.000000:05,2,3,0.667,1,2,0.5,1,2,0.5,0,0,0,2,1,0,1,0,6,6.0,4,True
60,0022200245,1610612744,GSW,Golden State,201939,Stephen Curry,Stephen,G,,11.000000:06,0,2,0.0,0,1,0.0,0,0,0.0,0,1,1,7,0,0,0,0,0,10.0,1,True
61,0022200245,1610612744,GSW,Golden State,201939,Stephen Curry,Stephen,G,,6.000000:27,2,5,0.4,2,5,0.4,2,2,1.0,0,1,1,2,2,0,0,0,8,-2.0,2,True
62,0022200245,1610612744,GSW,Golden State,201939,Stephen Curry,Stephen,G,,12.000000:00,6,9,0.667,3,5,0.6,1,1,1.0,0,2,2,3,0,0,1,3,16,7.0,3,True
63,0022200245,1610612744,GSW,Golden State,201939,Stephen Curry,Stephen,G,,7.000000:27,3,4,0.75,2,3,0.667,1,2,0.5,0,2,2,3,1,2,0,0,9,7.0,4,True
64,0022200271,1610612744,GSW,Golden State,201939,Stephen Curry,Stephen,G,,12.000000:00,3,8,0.375,1,3,0.333,0,0,0.0,0,2,2,2,0,0,0,0,7,3.0,1,True
65,0022200271,1610612744,GSW,Golden State,201939,Stephen Curry,Stephen,G,,5.000000:33,2,3,0.667,0,1,0.0,0,0,0.0,0,0,0,4,0,0,0,0,4,12.0,2,True
66,0022200271,1610612744,GSW,Golden State,201939,Stephen Curry,Stephen,G,,12.000000:00,3,7,0.429,2,4,0.5,0,0,0.0,0,2,2,2,0,0,1,0,8,-3.0,3,True
67,0022200271,1610612744,GSW,Golden State,201939,Stephen Curry,Stephen,G,,2.000000:08,1,2,0.5,1,2,0.5,0,0,0.0,1,1,2,1,0,0,0,0,3,6.0,4,True
68,0022200284,1610612744,GSW,Golden State,201939,Stephen Curry,Stephen,G,,12.000000:00,6,10,0.6,2,5,0.4,1,1,1.0,0,3,3,1,1,0,2,1,15,14.0,1,True
69,0022200284,1610612744,GSW,Golden State,201939,Stephen Curry,Stephen,G,,6.000000:22,1,4,0.25,0,2,0.0,0,0,0.0,0,1,1,0,1,0,1,0,2,1.0,2,True
70,0022200284,1610612744,GSW,Golden State,201939,Stephen Curry,Stephen,G,,9.000000:23,1,1,1.0,1,1,1.0,0,0,0.0,0,1,1,3,0,0,2,2,3,2.0,3,True
71,0022200284,1610612744,GSW,Golden State,201939,Stephen Curry,Stephen,G,,7.000000:58,5,8,0.625,3,5,0.6,0,0,0.0,0,0,0,0,0,0,0,1,13,2.0,4,True
72,0022200291,1610612744,GSW,Golden State,201939,Stephen Curry,Stephen,G,,12.000000:00,4,6,0.667,2,4,0.5,3,3,1.0,0,6,6,3,0,0,2,0,13,20.0,1,True
73,0022200291,1610612744,GSW,Golden State,201939,Stephen Curry,Stephen,G,,5.000000:20,0,4,0.0,0,3,0.0,2,2,1.0,0,0,0,0,1,0,2,0,2,-4.0,2,True
74,0022200291,1610612744,GSW,Golden State,201939,Stephen Curry,Stephen,G,,10.000000:17,2,2,1.0,1,1,1.0,0,0,0.0,0,3,3,3,0,0,2,1,5,3.0,3,True
75,0022200291,1610612744,GSW,Golden State,201939,Stephen Curry,Stephen,G,,5.000000:00,1,5,0.2,1,3,0.333,2,2,1.0,1,1,2,2,0,0,1,0,5,3.0,4,True
76,0022200310,1610612744,GSW,Golden State,201939,Stephen Curry,Stephen,G,,12.000000:00,3,7,0.429,1,4,0.25,1,1,1.0,0,1,1,1,0,0,2,1,8,-12.0,1,False
77,0022200310,1610612744,GSW,Golden State,201939,Stephen Curry,Stephen,G,,6.000000:26,3,6,0.5,2,5,0.4,0,0,0.0,0,2,2,2,0,0,0,1,8,3.0,2,False
78,0022200310,1610612744,GSW,Golden State,201939,Stephen Curry,Stephen,G,,11.000000:47,3,5,0.6,1,2,0.5,3,4,0.75,0,0,0,1,0,0,1,1,10,-4.0,3,False
79,0022200310,1610612744,GSW,Golden State,201939,Stephen Curry,Stephen,G,,7.000000:35,2,6,0.333,1,3,0.333,1,1,1.0,1,1,2,1,0,0,1,1,6,1.0,4,False
80,0022200336,1610612744,GSW,Golden State,201939,Stephen Curry,Stephen,G,,6.000000:26,1,1,1.0,1,1,1.0,0,0,0.0,0,1,1,2,0,0,1,2,3,0.0,1,True
81,0022200336,1610612744,GSW,Golden State,201939,Stephen Curry,Stephen,G,,8.000000:44,2,5,0.4,2,3,0.667,3,3,1.0,0,3,3,2,0,0,3,0,9,1.0,2,True
82,0022200336,1610612744,GSW,Golden State,201939,Stephen Curry,Stephen,G,,9.000000:47,2,4,0.5,1,2,0.5,0,0,0.0,0,3,3,1,0,0,1,2,5,2.0,3,True
83,0022200336,1610612744,GSW,Golden State,201939,Stephen Curry,Stephen,G,,8.000000:25,1,6,0.167,0,2,0.0,0,0,0.0,0,4,4,1,0,1,1,1,2,-4.0,4,True
84,0022200342,1610612744,GSW,Golden State,201939,Stephen Curry,Stephen,G,,10.000000:41,4,6,0.667,3,5,0.6,1,2,0.5,0,1,1,5,0,0,0,0,12,18.0,1,True
85,0022200342,1610612744,GSW,Golden State,201939,Stephen Curry,Stephen,G,,6.000000:59,1,4,0.25,1,3,0.333,0,0,0.0,0,0,0,3,1,0,2,0,3,-9.0,2,True
86,0022200342,1610612744,GSW,Golden State,201939,Stephen Curry,Stephen,G,,12.000000:00,2,6,0.333,1,4,0.25,1,1,1.0,0,1,1,1,0,0,2,0,6,-2.0,3,True
87,0022200342,1610612744,GSW,Golden State,201939,Stephen Curry,Stephen,G,,4.000000:52,3,5,0.6,3,5,0.6,0,0,0.0,0,1,1,1,0,1,0,0,9,12.0,4,True
88,0022200359,1610612744,GSW,Golden State,201939,Stephen Curry,Stephen,G,,12.000000:00,1,6,0.167,0,3,0.0,0,0,0.0,0,0,0,2,0,0,1,0,2,-13.0,1,False
89,0022200359,1610612744,GSW,Golden State,201939,Stephen Curry,Stephen,G,,6.000000:23,0,1,0.0,0,1,0.0,2,2,1.0,0,2,2,1,0,0,1,2,2,3.0,2,False
90,0022200359,1610612744,GSW,Golden State,201939,Stephen Curry,Stephen,G,,12.000000:00,2,6,0.333,2,3,0.667,0,0,0.0,0,2,2,3,0,0,0,0,6,1.0,3,False
91,0022200359,1610612744,GSW,Golden State,201939,Stephen Curry,Stephen,G,,7.000000:19,0,4,0.0,0,3,0.0,2,2,1.0,0,0,0,0,1,0,1,0,2,-8.0,4,False
92,0022200392,1610612744,GSW,Golden State,201939,Stephen Curry,Stephen,G,,12.000000:00,3,6,0.5,2,3,0.667,0,0,0.0,0,1,1,0,0,0,0,1,8,8.0,1,True
93,0022200392,1610612744,GSW,Golden State,201939,Stephen Curry,Stephen,G,,7.000000:07,3,3,1.0,2,2,1.0,1,1,1.0,0,0,0,3,0,0,2,1,9,0.0,2,True
94,0022200392,1610612744,GSW,Golden State,201939,Stephen Curry,Stephen,G,,12.000000:00,3,6,0.5,1,3,0.333,0,0,0.0,0,3,3,3,0,0,1,0,7,7.0,3,True
95,0022200392,1610612744,GSW,Golden State,201939,Stephen Curry,Stephen,G,,6.000000:19,3,6,0.5,1,3,0.333,1,1,1.0,1,1,2,1,0,1,1,1,8,5.0,4,True
96,0022200410,1610612744,GSW,Golden State,201939,Stephen Curry,Stephen,G,,12.000000:00,2,4,0.5,2,3,0.667,0,0,0.0,1,1,2,0,0,1,1,0,6,-11.0,1,False
97,0022200410,1610612744,GSW,Golden State,201939,Stephen Curry,Stephen,G,,6.000000:07,1,6,0.167,0,3,0.0,0,0,0.0,0,1,1,1,1,0,1,0,2,-1.0,2,False
98,0022200410,1610612744,GSW,Golden State,201939,Stephen Curry,Stephen,G,,9.000000:12,3,7,0.429,1,4,0.25,5,5,1.0,1,2,3,0,0,0,0,0,12,-8.0,3,False
99,0022200415,1610612744,GSW,Golden State,201939,Stephen Curry,Stephen,G,,12.000000:00,5,7,0.714,2,4,0.5,3,3,1.0,0,2,2,1,1,0,1,2,15,-1.0,1,False
100,0022200415,1610612744,GSW,Golden State,201939,Stephen Curry,Stephen,G,,7.000000:37,4,6,0.667,2,3,0.667,2,2,1.0,0,1,1,2,0,0,2,0,12,-12.0,2,False
101,0022200415,1610612744,GSW,Golden State,201939,Stephen Curry,Stephen,G,,9.000000:56,2,6,0.333,1,3,0.333,6,6,1.0,1,3,4,4,1,1,0,0,11,7.0,3,False
102,0022200615,1610612744,GSW,Golden State,201939,Stephen Curry,Stephen,G,,5.000000:44,2,5,0.4,1,3,0.333,0,0,0.0,1,0,1,0,0,0,0,0,5,-2.0,1,False
103,0022200615,1610612744,GSW,Golden State,201939,Stephen Curry,Stephen,G,,6.000000:53,0,4,0.0,0,2,0.0,0,0,0.0,0,0,0,0,0,0,1,0,0,-12.0,2,False
104,0022200615,1610612744,GSW,Golden State,201939,Stephen Curry,Stephen,G,,7.000000:11,1,1,1.0,1,1,1.0,0,0,0.0,0,0,0,1,0,0,0,1,3,-12.0,3,False
105,0022200615,1610612744,GSW,Golden State,201939,Stephen Curry,Stephen,G,,11.000000:28,5,12,0.417,3,9,0.333,3,4,0.75,0,0,0,2,1,0,0,3,16,7.0,4,False
106,0022200635,1610612744,GSW,Golden State,201939,Stephen Curry,Stephen,G,,7.000000:56,3,5,0.6,1,3,0.333,0,0,0.0,0,1,1,0,0,0,0,1,7,4.0,1,True
107,0022200635,1610612744,GSW,Golden State,201939,Stephen Curry,Stephen,G,,7.000000:02,1,2,0.5,0,1,0.0,1,1,1.0,0,1,1,1,0,1,0,2,3,4.0,2,True
108,0022200635,1610612744,GSW,Golden State,201939,Stephen Curry,Stephen,G,,8.000000:09,2,5,0.4,1,3,0.333,0,0,0.0,0,2,2,2,0,0,0,0,5,4.0,3,True
109,0022200650,1610612744,GSW,Golden State,201939,Stephen Curry,Stephen,G,,10.000000:01,2,3,0.667,1,2,0.5,0,0,0.0,0,3,3,1,0,0,2,0,5,-12.0,1,False
110,0022200650,1610612744,GSW,Golden State,201939,Stephen Curry,Stephen,G,,8.000000:22,2,5,0.4,2,5,0.4,1,2,0.5,0,4,4,1,0,1,1,0,7,13.0,2,False
111,0022200650,1610612744,GSW,Golden State,201939,Stephen Curry,Stephen,G,,8.000000:13,1,1,1.0,0,0,0.0,0,0,0.0,0,1,1,1,0,0,2,2,2,-7.0,3,False
112,0022200650,1610612744,GSW,Golden State,201939,Stephen Curry,Stephen,G,,7.000000:53,3,6,0.5,0,3,0.0,0,0,0.0,0,2,2,1,0,0,3,0,6,-3.0,4,False
113,0022200660,1610612744,GSW,Golden State,201939,Stephen Curry,Stephen,G,,12.000000:00,4,9,0.444,2,5,0.4,7,7,1.0,0,2,2,0,0,0,1,1,17,2.0,1,True
114,0022200660,1610612744,GSW,Golden State,201939,Stephen Curry,Stephen,G,,6.000000:37,1,4,0.25,0,1,0.0,2,3,0.667,0,1,1,1,0,0,0,0,4,5.0,2,True
115,0022200660,1610612744,GSW,Golden State,201939,Stephen Curry,Stephen,G,,12.000000:00,3,10,0.3,2,6,0.333,0,0,0.0,1,0,1,0,0,0,2,0,8,-5.0,3,True
116,0022200660,1610612744,GSW,Golden State,201939,Stephen Curry,Stephen,G,,7.000000:13,4,5,0.8,2,3,0.667,2,2,1.0,0,3,3,1,0,0,1,0,12,12.0,4,True
117,0022200679,1610612744,GSW,Golden State,201939,Stephen Curry,Stephen,G,,12.000000:00,2,7,0.286,2,5,0.4,0,0,0.0,0,0,0,3,0,1,0,0,6,1.0,1,False
118,0022200679,1610612744,GSW,Golden State,201939,Stephen Curry,Stephen,G,,6.000000:51,3,4,0.75,2,3,0.667,1,1,1.0,0,0,0,2,3,0,1,0,9,9.0,2,False
119,0022200679,1610612744,GSW,Golden State,201939,Stephen Curry,Stephen,G,,11.000000:03,2,5,0.4,1,3,0.333,2,2,1.0,0,3,3,2,0,1,0,0,7,8.0,3,False
120,0022200679,1610612744,GSW,Golden State,201939,Stephen Curry,Stephen,G,,8.000000:11,1,7,0.143,0,5,0.0,0,0,0.0,0,0,0,0,0,0,2,0,2,-6.0,4,False
121,0022200679,1610612744,GSW,Golden State,201939,Stephen Curry,Stephen,G,,5.000000:00,1,2,0.5,1,2,0.5,2,2,1.0,0,1,1,0,0,0,0,1,5,-3.0,5,False
122,0022200704,1610612744,GSW,Golden State,201939,Stephen Curry,Stephen,G,,11.000000:52,3,4,0.75,1,2,0.5,0,0,0.0,0,3,3,3,1,0,0,0,7,5.0,1,False
123,0022200704,1610612744,GSW,Golden State,201939,Stephen Curry,Stephen,G,,7.000000:02,2,2,1.0,1,1,1.0,2,2,1.0,0,0,0,3,0,0,2,1,7,9.0,2,False
124,0022200704,1610612744,GSW,Golden State,201939,Stephen Curry,Stephen,G,,12.000000:00,2,6,0.333,2,4,0.5,4,4,1.0,1,2,3,1,0,0,2,0,10,-8.0,3,False
125,0022200704,1610612744,GSW,Golden State,201939,Stephen Curry,Stephen,G,,6.000000:41,0,4,0.0,0,1,0.0,2,2,1.0,0,0,0,0,0,0,1,1,2,-14.0,4,False
126,0022200726,1610612744,GSW,Golden State,201939,Stephen Curry,Stephen,G,,4.000000:49,1,2,0.5,0,1,0.0,0,0,0.0,0,0,0,0,0,0,1,2,2,-3.0,1,True
127,0022200726,1610612744,GSW,Golden State,201939,Stephen Curry,Stephen,G,,12.000000:00,3,7,0.429,1,3,0.333,4,5,0.8,0,1,1,1,0,0,1,0,11,-3.0,2,True
128,0022200726,1610612744,GSW,Golden State,201939,Stephen Curry,Stephen,G,,12.000000:00,3,7,0.429,2,3,0.667,3,3,1.0,0,1,1,2,1,0,1,1,11,-5.0,3,True
129,0022200726,1610612744,GSW,Golden State,201939,Stephen Curry,Stephen,G,,5.000000:58,3,3,1.0,1,1,1.0,3,3,1.0,0,0,0,0,1,0,0,0,10,8.0,4,True
130,0022200740,1610612744,GSW,Golden State,201939,Stephen Curry,Stephen,G,,12.000000:00,6,8,0.75,1,2,0.5,0,0,0.0,0,2,2,3,2,0,0,1,13,-2.0,1,True
131,0022200740,1610612744,GSW,Golden State,201939,Stephen Curry,Stephen,G,,6.000000:50,1,2,0.5,0,0,0.0,2,2,1.0,0,2,2,2,0,0,0,0,4,5.0,2,True
132,0022200740,1610612744,GSW,Golden State,201939,Stephen Curry,Stephen,G,,12.000000:00,3,7,0.429,2,4,0.5,1,1,1.0,0,2,2,3,0,0,3,0,9,3.0,3,True
133,0022200740,1610612744,GSW,Golden State,201939,Stephen Curry,Stephen,G,,7.000000:57,3,4,0.75,1,2,0.5,2,2,1.0,0,1,1,3,0,0,0,0,9,7.0,4,True
134,0022200759,1610612744,GSW,Golden State,201939,Stephen Curry,Stephen,G,,11.000000:36,5,7,0.714,3,4,0.75,0,0,0.0,0,2,2,5,0,0,2,0,13,18.0,1,True
135,0022200759,1610612744,GSW,Golden State,201939,Stephen Curry,Stephen,G,,4.000000:50,1,1,1.0,1,1,1.0,2,2,1.0,0,0,0,1,0,0,0,0,5,-1.0,2,True
136,0022200759,1610612744,GSW,Golden State,201939,Stephen Curry,Stephen,G,,12.000000:00,5,9,0.556,3,6,0.5,0,0,0.0,0,2,2,3,0,1,1,0,13,-6.0,3,True
137,0022200759,1610612744,GSW,Golden State,201939,Stephen Curry,Stephen,G,,8.000000:11,1,3,0.333,1,3,0.333,4,4,1.0,1,3,4,3,0,0,1,0,7,6.0,4,True
138,0022200774,1610612744,GSW,Golden State,201939,Stephen Curry,Stephen,G,,12.000000:00,3,5,0.6,3,4,0.75,4,4,1.0,0,4,4,0,0,1,2,2,13,2.0,1,False
139,0022200774,1610612744,GSW,Golden State,201939,Stephen Curry,Stephen,G,,6.000000:22,2,3,0.667,2,3,0.667,2,2,1.0,0,2,2,1,0,0,0,0,8,11.0,2,False
140,0022200774,1610612744,GSW,Golden State,201939,Stephen Curry,Stephen,G,,7.000000:35,0,2,0.0,0,0,0.0,2,3,0.667,0,0,0,1,1,0,0,2,2,-2.0,3,False
141,0022200774,1610612744,GSW,Golden State,201939,Stephen Curry,Stephen,G,,11.000000:26,3,8,0.375,0,2,0.0,0,0,0.0,0,3,3,1,0,0,2,1,6,-11.0,4,False
142,0022200774,1610612744,GSW,Golden State,201939,Stephen Curry,Stephen,G,,5.000000:00,0,3,0.0,0,3,0.0,0,0,0.0,0,1,1,0,0,0,0,0,0,-5.0,5,False
143,0022200783,1610612744,GSW,Golden State,201939,Stephen Curry,Stephen,G,,9.000000:39,3,4,0.75,2,3,0.667,0,0,0.0,2,1,3,2,0,0,1,1,8,3.0,1,False
144,0022200783,1610612744,GSW,Golden State,201939,Stephen Curry,Stephen,G,,5.000000:56,2,4,0.5,0,2,0.0,2,2,1.0,0,1,1,0,0,0,1,1,6,-7.0,2,False
145,0022200783,1610612744,GSW,Golden State,201939,Stephen Curry,Stephen,G,,9.000000:26,1,4,0.25,1,2,0.5,0,0,0.0,0,1,1,1,0,0,2,2,3,-11.0,3,False
146,0022200783,1610612744,GSW,Golden State,201939,Stephen Curry,Stephen,G,,8.000000:10,4,5,0.8,2,3,0.667,1,1,1.0,0,0,0,2,0,0,2,0,11,-1.0,4,False
147,0022200800,1610612744,GSW,Golden State,201939,Stephen Curry,Stephen,G,,9.000000:36,3,4,0.75,1,2,0.5,1,1,1.0,0,2,2,4,0,0,0,0,8,8.0,1,True
148,0022200800,1610612744,GSW,Golden State,201939,Stephen Curry,Stephen,G,,5.000000:58,1,3,0.333,0,2,0.0,0,0,0.0,0,1,1,1,0,0,0,1,2,2.0,2,True
149,0022200800,1610612744,GSW,Golden State,201939,Stephen Curry,Stephen,G,,9.000000:59,3,4,0.75,1,2,0.5,4,4,1.0,0,3,3,2,0,0,0,1,11,4.0,3,True
150,0022200964,1610612744,GSW,Golden State,201939,Stephen Curry,Stephen,G,,6.000000:46,0,3,0.0,0,2,0.0,0,0,0.0,0,0,0,2,0,0,0,0,0,-13.0,1,False
151,0022200964,1610612744,GSW,Golden State,201939,Stephen Curry,Stephen,G,,8.000000:27,3,4,0.75,2,2,1.0,0,0,0.0,0,1,1,1,0,0,1,1,8,6.0,2,False
152,0022200964,1610612744,GSW,Golden State,201939,Stephen Curry,Stephen,G,,6.000000:59,0,4,0.0,0,3,0.0,0,0,0.0,0,0,0,0,1,0,0,0,0,-7.0,3,False
153,0022200964,1610612744,GSW,Golden State,201939,Stephen Curry,Stephen,G,,9.000000:50,5,9,0.556,3,6,0.5,6,6,1.0,0,1,1,3,0,0,1,2,19,2.0,4,False
154,0022200982,1610612744,GSW,Golden State,201939,Stephen Curry,Stephen,G,,7.000000:34,1,1,1.0,1,1,1.0,0,0,0.0,0,0,0,5,0,0,1,0,3,0.0,1,False
155,0022200982,1610612744,GSW,Golden State,201939,Stephen Curry,Stephen,G,,7.000000:23,4,5,0.8,3,4,0.75,0,0,0.0,0,3,3,0,0,0,2,1,11,-3.0,2,False
156,0022200982,1610612744,GSW,Golden State,201939,Stephen Curry,Stephen,G,,10.000000:11,5,8,0.625,3,3,1.0,2,2,1.0,0,1,1,2,0,0,1,2,15,4.0,3,False
157,0022200982,1610612744,GSW,Golden State,201939,Stephen Curry,Stephen,G,,10.000000:20,4,9,0.444,3,8,0.375,0,0,0.0,1,1,2,0,0,0,2,1,11,-3.0,4,False
158,0022200996,1610612744,GSW,Golden State,201939,Stephen Curry,Stephen,G,,8.000000:02,1,4,0.25,1,2,0.5,4,4,1.0,3,0,3,1,1,0,0,2,7,-10.0,1,False
159,0022200996,1610612744,GSW,Golden State,201939,Stephen Curry,Stephen,G,,10.000000:42,5,9,0.556,2,4,0.5,0,0,0.0,0,2,2,2,0,0,2,1,12,5.0,2,False
160,0022200996,1610612744,GSW,Golden State,201939,Stephen Curry,Stephen,G,,10.000000:45,3,3,1.0,1,1,1.0,1,2,0.5,0,2,2,1,0,0,1,0,8,11.0,3,False
161,0022200996,1610612744,GSW,Golden State,201939,Stephen Curry,Stephen,G,,4.000000:55,1,3,0.333,0,1,0.0,0,0,0.0,0,0,0,0,0,0,1,0,2,-4.0,4,False
162,0022201012,1610612744,GSW,Golden State,201939,Stephen Curry,Stephen,G,,9.000000:35,1,4,0.25,0,2,0.0,0,0,0.0,0,1,1,0,2,0,1,0,2,0.0,1,True
163,0022201012,1610612744,GSW,Golden State,201939,Stephen Curry,Stephen,G,,8.000000:35,2,6,0.333,1,3,0.333,0,0,0.0,0,2,2,1,0,0,1,1,5,-1.0,2,True
164,0022201012,1610612744,GSW,Golden State,201939,Stephen Curry,Stephen,G,,9.000000:35,2,6,0.333,1,3,0.333,2,2,1.0,1,1,2,2,0,0,0,0,7,3.0,3,True
165,0022201012,1610612744,GSW,Golden State,201939,Stephen Curry,Stephen,G,,10.000000:39,5,7,0.714,3,5,0.6,0,0,0.0,0,0,0,1,0,1,2,0,13,-1.0,4,True
166,0022201012,1610612744,GSW,Golden State,201939,Stephen Curry,Stephen,G,,5.000000:00,3,4,0.75,1,2,0.5,2,2,1.0,0,1,1,0,0,0,1,0,9,9.0,5,True
167,0022201025,1610612744,GSW,Golden State,201939,Stephen Curry,Stephen,G,,10.000000:48,4,5,0.8,3,3,1.0,1,1,1.0,0,3,3,3,0,0,1,1,12,23.0,1,True
168,0022201025,1610612744,GSW,Golden State,201939,Stephen Curry,Stephen,G,,6.000000:49,1,2,0.5,0,0,0.0,1,1,1.0,0,0,0,1,0,0,2,2,3,-9.0,2,True
169,0022201025,1610612744,GSW,Golden State,201939,Stephen Curry,Stephen,G,,12.000000:00,1,4,0.25,0,2,0.0,3,4,0.75,2,2,4,1,0,0,1,1,5,-7.0,3,True
170,0022201025,1610612744,GSW,Golden State,201939,Stephen Curry,Stephen,G,,3.000000:50,1,2,0.5,1,1,1.0,0,0,0.0,0,0,0,0,0,0,1,0,3,7.0,4,True
171,0022201041,1610612744,GSW,Golden State,201939,Stephen Curry,Stephen,G,,12.000000:00,5,8,0.625,2,4,0.5,0,0,0.0,0,1,1,0,1,0,1,0,12,-5.0,1,False
172,0022201041,1610612744,GSW,Golden State,201939,Stephen Curry,Stephen,G,,6.000000:53,3,4,0.75,2,3,0.667,0,0,0.0,0,0,0,1,1,0,1,0,8,-2.0,2,False
173,0022201041,1610612744,GSW,Golden State,201939,Stephen Curry,Stephen,G,,12.000000:00,9,11,0.818,3,4,0.75,0,0,0.0,0,1,1,1,0,0,0,1,21,-3.0,3,False
174,0022201041,1610612744,GSW,Golden State,201939,Stephen Curry,Stephen,G,,7.000000:39,3,5,0.6,1,3,0.333,2,4,0.5,0,0,0,4,0,0,0,0,9,-1.0,4,False
175,0022201048,1610612744,GSW,Golden State,201939,Stephen Curry,Stephen,G,,8.000000:28,3,5,0.6,0,1,0.0,1,1,1.0,1,0,1,3,0,0,1,0,7,2.0,1,False
176,0022201048,1610612744,GSW,Golden State,201939,Stephen Curry,Stephen,G,,10.000000:07,3,8,0.375,1,5,0.2,0,0,0.0,0,2,2,1,0,0,2,0,7,-1.0,2,False
177,0022201048,1610612744,GSW,Golden State,201939,Stephen Curry,Stephen,G,,7.000000:50,2,6,0.333,1,2,0.5,2,2,1.0,0,0,0,0,0,0,1,1,7,-4.0,3,False
178,0022201048,1610612744,GSW,Golden State,201939,Stephen Curry,Stephen,G,,10.000000:53,4,8,0.5,2,5,0.4,0,0,0.0,1,2,3,1,0,0,2,1,10,2.0,4,False
179,0022201061,1610612744,GSW,Golden State,201939,Stephen Curry,Stephen,G,,8.000000:57,0,3,0.0,0,2,0.0,2,2,1.0,1,2,3,3,0,0,1,0,2,-3.0,1,False
180,0022201061,1610612744,GSW,Golden State,201939,Stephen Curry,Stephen,G,,8.000000:40,2,3,0.667,1,2,0.5,1,2,0.5,0,1,1,1,0,0,0,0,6,0.0,2,False
181,0022201061,1610612744,GSW,Golden State,201939,Stephen Curry,Stephen,G,,6.000000:43,1,5,0.2,1,2,0.5,0,0,0.0,0,2,2,1,0,0,0,0,3,-1.0,3,False
182,0022201061,1610612744,GSW,Golden State,201939,Stephen Curry,Stephen,G,,5.000000:44,2,4,0.5,1,2,0.5,0,0,0.0,0,2,2,0,0,0,0,1,5,-6.0,4,False
183,0022201074,1610612744,GSW,Golden State,201939,Stephen Curry,Stephen,G,,7.000000:37,0,3,0.0,0,2,0.0,0,0,0.0,0,2,2,1,0,0,1,0,0,3.0,1,True
184,0022201074,1610612744,GSW,Golden State,201939,Stephen Curry,Stephen,G,,12.000000:00,5,9,0.556,3,5,0.6,2,2,1.0,1,3,4,2,2,0,1,0,15,0.0,2,True
185,0022201074,1610612744,GSW,Golden State,201939,Stephen Curry,Stephen,G,,6.000000:43,1,4,0.25,0,3,0.0,2,2,1.0,0,0,0,1,0,0,0,0,4,-5.0,3,True
186,0022201074,1610612744,GSW,Golden State,201939,Stephen Curry,Stephen,G,,9.000000:46,4,7,0.571,2,5,0.4,1,1,1.0,0,1,1,1,0,1,2,3,11,7.0,4,True
187,0022201086,1610612744,GSW,Golden State,201939,Stephen Curry,Stephen,G,,8.000000:27,1,1,1.0,0,0,0.0,0,0,0.0,0,2,2,2,0,0,2,1,2,-1.0,1,True
188,0022201086,1610612744,GSW,Golden State,201939,Stephen Curry,Stephen,G,,8.000000:05,3,6,0.5,1,4,0.25,0,0,0.0,0,2,2,5,0,0,0,1,7,3.0,2,True
189,0022201086,1610612744,GSW,Golden State,201939,Stephen Curry,Stephen,G,,7.000000:51,2,6,0.333,0,1,0.0,0,0,0.0,1,0,1,3,0,0,0,0,4,3.0,3,True
190,0022201086,1610612744,GSW,Golden State,201939,Stephen Curry,Stephen,G,,10.000000:19,3,5,0.6,1,3,0.333,0,0,0.0,0,0,0,3,0,0,1,0,7,5.0,4,True
191,0022201103,1610612744,GSW,Golden State,201939,Stephen Curry,Stephen,G,,8.000000:37,3,5,0.6,0,1,0.0,0,0,0.0,0,0,0,1,0,0,1,0,6,-1.0,1,True
192,0022201103,1610612744,GSW,Golden State,201939,Stephen Curry,Stephen,G,,8.000000:37,1,2,0.5,1,2,0.5,5,6,0.833,0,1,1,0,0,0,1,0,8,8.0,2,True
193,0022201103,1610612744,GSW,Golden State,201939,Stephen Curry,Stephen,G,,9.000000:12,3,7,0.429,1,4,0.25,0,0,0.0,0,1,1,1,0,0,0,1,7,-4.0,3,True
194,0022201103,1610612744,GSW,Golden State,201939,Stephen Curry,Stephen,G,,12.000000:00,3,4,0.75,0,0,0.0,2,2,1.0,0,6,6,1,0,0,0,1,8,17.0,4,True
195,0022201121,1610612744,GSW,Golden State,201939,Stephen Curry,Stephen,G,,5.000000:07,1,2,0.5,1,2,0.5,0,0,0.0,0,1,1,2,0,0,0,2,3,2.0,1,False
196,0022201121,1610612744,GSW,Golden State,201939,Stephen Curry,Stephen,G,,12.000000:00,3,10,0.3,1,5,0.2,0,0,0.0,0,3,3,5,0,0,0,0,7,2.0,2,False
197,0022201121,1610612744,GSW,Golden State,201939,Stephen Curry,Stephen,G,,10.000000:20,3,6,0.5,2,4,0.5,0,0,0.0,0,0,0,0,0,0,2,1,8,-1.0,3,False
198,0022201121,1610612744,GSW,Golden State,201939,Stephen Curry,Stephen,G,,8.000000:46,1,5,0.2,0,2,0.0,0,0,0.0,0,2,2,2,1,0,1,0,2,-1.0,4,False
199,0022201135,1610612744,GSW,Golden State,201939,Stephen Curry,Stephen,G,,10.000000:07,3,6,0.5,2,3,0.667,1,1,1.0,1,2,3,1,0,0,1,0,9,-8.0,1,True
200,0022201135,1610612744,GSW,Golden State,201939,Stephen Curry,Stephen,G,,8.000000:21,3,5,0.6,1,2,0.5,1,1,1.0,0,0,0,1,1,0,2,0,8,-7.0,2,True
201,0022201135,1610612744,GSW,Golden State,201939,Stephen Curry,Stephen,G,,10.000000:11,4,8,0.5,4,8,0.5,1,2,0.5,0,3,3,3,1,0,1,0,13,12.0,3,True
202,0022201135,1610612744,GSW,Golden State,201939,Stephen Curry,Stephen,G,,8.000000:18,4,6,0.667,1,2,0.5,0,0,0.0,1,1,2,3,1,0,0,0,9,15.0,4,True
203,0022201158,1610612744,GSW,Golden State,201939,Stephen Curry,Stephen,G,,7.000000:57,2,4,0.5,0,1,0.0,0,0,0.0,0,0,0,0,0,0,0,0,4,-9.0,1,True
204,0022201158,1610612744,GSW,Golden State,201939,Stephen Curry,Stephen,G,,7.000000:47,3,6,0.5,3,4,0.75,1,1,1.0,0,0,0,0,0,0,0,0,10,-1.0,2,True
205,0022201158,1610612744,GSW,Golden State,201939,Stephen Curry,Stephen,G,,8.000000:20,1,3,0.333,1,1,1.0,0,0,0.0,0,0,0,4,0,0,1,0,3,-6.0,3,True
206,0022201158,1610612744,GSW,Golden State,201939,Stephen Curry,Stephen,G,,8.000000:40,5,8,0.625,3,5,0.6,3,3,1.0,1,1,2,1,0,0,0,1,16,13.0,4,True
207,0022201175,1610612744,GSW,Golden State,201939,Stephen Curry,Stephen,G,,8.000000:28,0,4,0.0,0,1,0.0,0,0,0.0,0,1,1,1,0,1,0,0,0,4.0,1,False
208,0022201175,1610612744,GSW,Golden State,201939,Stephen Curry,Stephen,G,,11.000000:16,5,10,0.5,0,4,0.0,1,1,1.0,0,0,0,1,0,0,1,1,11,-2.0,2,False
209,0022201175,1610612744,GSW,Golden State,201939,Stephen Curry,Stephen,G,,7.000000:42,2,6,0.333,1,3,0.333,2,2,1.0,0,1,1,1,0,1,2,0,7,-9.0,3,False
210,0022201175,1610612744,GSW,Golden State,201939,Stephen Curry,Stephen,G,,9.000000:26,1,8,0.125,1,6,0.167,0,0,0.0,1,0,1,1,0,0,0,0,3,2.0,4,False
211,0022201187,1610612744,GSW,Golden State,201939,Stephen Curry,Stephen,G,,11.000000:04,3,9,0.333,1,4,0.25,0,0,0.0,0,2,2,2,0,0,0,1,7,-2.0,1,True
212,0022201187,1610612744,GSW,Golden State,201939,Stephen Curry,Stephen,G,,7.000000:52,6,7,0.857,3,4,0.75,2,2,1.0,0,1,1,0,0,0,0,1,17,-4.0,2,True
213,0022201187,1610612744,GSW,Golden State,201939,Stephen Curry,Stephen,G,,12.000000:01,1,8,0.125,1,4,0.25,3,3,1.0,0,2,2,2,0,0,0,1,6,7.0,3,True
214,0022201187,1610612744,GSW,Golden State,201939,Stephen Curry,Stephen,G,,5.000000:48,1,1,1.0,1,1,1.0,1,1,1.0,0,0,0,2,1,0,0,0,4,13.0,4,True
215,0022201211,1610612744,GSW,Golden State,201939,Stephen Curry,Stephen,G,,9.000000:27,2,3,0.667,2,3,0.667,0,0,0.0,0,3,3,2,2,1,2,0,6,14.0,1,True
216,0022201211,1610612744,GSW,Golden State,201939,Stephen Curry,Stephen,G,,7.000000:38,1,2,0.5,0,1,0.0,5,5,1.0,1,0,1,0,0,0,1,0,7,-2.0,2,True
217,0022201211,1610612744,GSW,Golden State,201939,Stephen Curry,Stephen,G,,7.000000:59,4,6,0.667,1,2,0.5,0,0,0.0,0,1,1,1,0,0,2,1,9,10.0,3,True
218,0022201211,1610612744,GSW,Golden State,201939,Stephen Curry,Stephen,G,,7.000000:37,1,3,0.333,0,1,0.0,1,2,0.5,0,2,2,3,0,0,0,0,3,11.0,4,True
219,0022201230,1610612744,GSW,Golden State,201939,Stephen Curry,Stephen,G,,9.000000:13,3,5,0.6,2,4,0.5,0,0,0.0,0,3,3,6,0,0,0,0,8,21.0,1,True
220,0022201230,1610612744,GSW,Golden State,201939,Stephen Curry,Stephen,G,,7.000000:17,4,7,0.571,2,4,0.5,0,0,0.0,0,0,0,1,0,0,0,0,10,1.0,2,True
221,0022201230,1610612744,GSW,Golden State,201939,Stephen Curry,Stephen,G,,5.000000:57,2,3,0.667,1,2,0.5,3,3,1.0,0,2,2,0,0,0,1,0,8,4.0,3,True
222,0022300005,1610612744,GSW,Golden State,201939,Stephen Curry,Stephen,G,,7.000000:54,1,2,0.5,1,2,0.5,3,3,1.0,1,2,3,2,1,0,0,1,6,4.0,1,True
223,0022300005,1610612744,GSW,Golden State,201939,Stephen Curry,Stephen,G,,8.000000:37,2,4,0.5,2,3,0.667,0,0,0.0,0,1,1,3,1,0,3,0,6,-1.0,2,True
224,0022300005,1610612744,GSW,Golden State,201939,Stephen Curry,Stephen,G,,6.000000:53,4,6,0.667,2,4,0.5,2,2,1.0,2,1,3,0,0,0,0,0,12,-7.0,3,True
225,0022300005,1610612744,GSW,Golden State,201939,Stephen Curry,Stephen,G,,7.000000:59,2,3,0.667,0,1,0.0,2,2,1.0,0,1,1,2,0,0,0,0,6,9.0,4,True
226,0022300051,1610612744,GSW,Golden State,201939,Stephen Curry,Stephen,G,,8.000000:14,3,5,0.6,2,4,0.5,0,0,0.0,0,1,1,1,0,0,2,0,8,-5.0,1,True
227,0022300051,1610612744,GSW,Golden State,201939,Stephen Curry,Stephen,G,,8.000000:27,2,4,0.5,0,1,0.0,0,0,0.0,0,0,0,3,0,0,1,0,4,9.0,2,True
228,0022300051,1610612744,GSW,Golden State,201939,Stephen Curry,Stephen,G,,10.000000:50,4,7,0.571,3,5,0.6,0,0,0.0,0,1,1,2,1,0,1,1,11,8.0,3,True
229,0022300051,1610612744,GSW,Golden State,201939,Stephen Curry,Stephen,G,,7.000000:18,2,4,0.5,2,4,0.5,6,6,1.0,0,1,1,0,0,0,2,1,12,-8.0,4,True
230,0022300060,1610612744,GSW,Golden State,201939,Stephen Curry,Stephen,G,,8.000000:48,2,5,0.4,1,2,0.5,3,3,1.0,3,1,4,2,0,0,0,0,8,15.0,1,False
231,0022300060,1610612744,GSW,Golden State,201939,Stephen Curry,Stephen,G,,9.000000:03,3,6,0.5,1,4,0.25,1,1,1.0,0,4,4,3,0,0,2,0,8,5.0,2,False
232,0022300060,1610612744,GSW,Golden State,201939,Stephen Curry,Stephen,G,,9.000000:09,2,4,0.5,1,3,0.333,3,3,1.0,0,1,1,0,0,0,1,2,8,-4.0,3,False
233,0022300060,1610612744,GSW,Golden State,201939,Stephen Curry,Stephen,G,,10.000000:03,1,5,0.2,1,3,0.333,2,2,1.0,0,1,1,1,0,1,2,3,5,-9.0,4,False
234,0022300062,1610612744,GSW,Golden State,201939,Stephen Curry,Stephen,G,,9.000000:19,3,4,0.75,2,3,0.667,0,0,0.0,0,2,2,0,0,0,0,1,8,-4.0,1,False
235,0022300062,1610612744,GSW,Golden State,201939,Stephen Curry,Stephen,G,,7.000000:39,1,7,0.143,0,4,0.0,0,0,0.0,0,0,0,0,0,0,0,2,2,-20.0,2,False
236,0022300062,1610612744,GSW,Golden State,201939,Stephen Curry,Stephen,G,,7.000000:32,3,6,0.5,1,4,0.25,4,4,1.0,1,1,2,1,1,0,1,1,11,15.0,3,False
237,0022300062,1610612744,GSW,Golden State,201939,Stephen Curry,Stephen,G,,6.000000:15,1,3,0.333,1,3,0.333,3,3,1.0,0,1,1,0,0,0,1,1,6,0.0,4,False
238,0022300087,1610612744,GSW,Golden State,201939,Stephen Curry,Stephen,G,,7.000000:55,3,5,0.6,1,3,0.333,0,0,0.0,0,1,1,1,0,0,0,0,7,-1.0,1,True
239,0022300087,1610612744,GSW,Golden State,201939,Stephen Curry,Stephen,G,,9.000000:12,3,4,0.75,2,3,0.667,3,3,1.0,0,1,1,2,1,0,1,0,11,14.0,2,True
240,0022300087,1610612744,GSW,Golden State,201939,Stephen Curry,Stephen,G,,8.000000:17,6,7,0.857,3,3,1.0,1,1,1.0,0,1,1,1,1,0,2,0,16,6.0,3,True
241,0022300087,1610612744,GSW,Golden State,201939,Stephen Curry,Stephen,G,,9.000000:26,2,3,0.667,1,1,1.0,2,2,1.0,1,0,1,0,0,0,1,0,7,-9.0,4,True
242,0022300096,1610612744,GSW,Golden State,201939,Stephen Curry,Stephen,G,,7.000000:50,1,3,0.333,1,3,0.333,0,0,0.0,1,0,1,1,0,0,1,0,3,-3.0,1,True
243,0022300096,1610612744,GSW,Golden State,201939,Stephen Curry,Stephen,G,,7.000000:42,0,1,0.0,0,1,0.0,0,0,0.0,0,2,2,3,0,0,0,0,0,-3.0,2,True
244,0022300096,1610612744,GSW,Golden State,201939,Stephen Curry,Stephen,G,,8.000000:20,1,4,0.25,1,3,0.333,4,4,1.0,0,1,1,1,0,1,0,1,7,-7.0,3,True
245,0022300096,1610612744,GSW,Golden State,201939,Stephen Curry,Stephen,G,,7.000000:34,4,8,0.5,4,7,0.571,2,2,1.0,0,3,3,1,0,0,0,0,14,11.0,4,True
246,0022300108,1610612744,GSW,Golden State,201939,Stephen Curry,Stephen,G,,9.000000:34,5,7,0.714,3,5,0.6,3,3,1.0,0,1,1,0,0,0,3,0,16,-1.0,1,True
247,0022300108,1610612744,GSW,Golden State,201939,Stephen Curry,Stephen,G,,8.000000:03,1,2,0.5,0,1,0.0,0,0,0.0,0,1,1,2,2,0,0,0,2,-3.0,2,True
248,0022300108,1610612744,GSW,Golden State,201939,Stephen Curry,Stephen,G,,7.000000:27,4,6,0.667,2,3,0.667,2,4,0.5,0,3,3,3,0,0,0,1,12,9.0,3,True
249,0022300108,1610612744,GSW,Golden State,201939,Stephen Curry,Stephen,G,,4.000000:58,5,7,0.714,2,4,0.5,0,0,0.0,0,0,0,0,0,0,0,0,12,8.0,4,True
250,0022300126,1610612744,GSW,Golden State,201939,Stephen Curry,Stephen,G,,7.000000:54,1,2,0.5,0,1,0.0,0,0,0.0,0,0,0,1,0,0,1,1,2,2.0,1,True
251,0022300126,1610612744,GSW,Golden State,201939,Stephen Curry,Stephen,G,,8.000000:33,2,4,0.5,2,3,0.667,0,0,0.0,0,2,2,1,0,0,4,1,6,0.0,2,True
252,0022300126,1610612744,GSW,Golden State,201939,Stephen Curry,Stephen,G,,7.000000:50,1,3,0.333,1,3,0.333,3,3,1.0,1,1,2,0,0,0,0,0,6,-7.0,3,True
253,0022300126,1610612744,GSW,Golden State,201939,Stephen Curry,Stephen,G,,8.000000:03,3,6,0.5,1,3,0.333,0,0,0.0,0,1,1,1,0,0,2,1,7,-1.0,4,True
254,0022300142,1610612744,GSW,Golden State,201939,Stephen Curry,Stephen,G,,9.000000:31,3,5,0.6,3,5,0.6,2,3,0.667,0,0,0,2,0,0,2,0,11,4.0,1,False
255,0022300142,1610612744,GSW,Golden State,201939,Stephen Curry,Stephen,G,,7.000000:53,1,3,0.333,1,1,1.0,0,0,0.0,0,2,2,0,0,0,1,0,3,-8.0,2,False
256,0022300142,1610612744,GSW,Golden State,201939,Stephen Curry,Stephen,G,,8.000000:14,3,6,0.5,3,5,0.6,3,3,1.0,0,0,0,1,1,0,2,0,12,4.0,3,False
257,0022300142,1610612744,GSW,Golden State,201939,Stephen Curry,Stephen,G,,5.000000:11,1,2,0.5,0,0,0.0,0,0,0.0,0,0,0,1,0,0,1,0,2,-6.0,4,False
258,0022300145,1610612744,GSW,Golden State,201939,Stephen Curry,Stephen,G,,8.000000:22,6,9,0.667,4,5,0.8,0,1,0.0,0,0,0,0,0,0,0,0,16,7.0,1,True
259,0022300145,1610612744,GSW,Golden State,201939,Stephen Curry,Stephen,G,,7.000000:21,1,6,0.167,1,5,0.2,1,1,1.0,0,0,0,0,0,0,0,0,4,4.0,2,True
260,0022300145,1610612744,GSW,Golden State,201939,Stephen Curry,Stephen,G,,8.000000:40,2,6,0.333,1,4,0.25,0,0,0.0,0,0,0,1,0,0,1,1,5,-8.0,3,True
261,0022300145,1610612744,GSW,Golden State,201939,Stephen Curry,Stephen,G,,8.000000:15,3,5,0.6,1,3,0.333,2,2,1.0,0,2,2,3,0,0,2,0,9,14.0,4,True
262,0022300169,1610612744,GSW,Golden State,201939,Stephen Curry,Stephen,G,,9.000000:08,0,2,0.0,0,2,0.0,0,0,0.0,0,1,1,1,0,0,2,1,0,-10.0,1,False
263,0022300169,1610612744,GSW,Golden State,201939,Stephen Curry,Stephen,G,,7.000000:45,3,5,0.6,3,4,0.75,0,0,0.0,0,1,1,2,0,0,1,1,9,0.0,2,False
264,0022300169,1610612744,GSW,Golden State,201939,Stephen Curry,Stephen,G,,8.000000:03,1,3,0.333,1,3,0.333,4,4,1.0,0,0,0,0,0,0,0,0,7,4.0,3,False
265,0022300169,1610612744,GSW,Golden State,201939,Stephen Curry,Stephen,G,,9.000000:32,2,7,0.286,2,4,0.5,1,1,1.0,1,2,3,1,1,0,0,0,7,-4.0,4,False
266,0022300176,1610612744,GSW,Golden State,201939,Stephen Curry,Stephen,G,,8.000000:22,2,4,0.5,1,1,1.0,3,3,1.0,0,0,0,1,0,0,1,0,8,1.0,1,False
267,0022300176,1610612744,GSW,Golden State,201939,Stephen Curry,Stephen,G,,8.000000:32,2,5,0.4,1,4,0.25,4,4,1.0,0,1,1,0,0,1,1,1,9,-12.0,2,False
268,0022300176,1610612744,GSW,Golden State,201939,Stephen Curry,Stephen,G,,9.000000:32,5,12,0.417,2,8,0.25,1,1,1.0,0,1,1,0,1,0,1,0,13,13.0,3,False
269,0022300176,1610612744,GSW,Golden State,201939,Stephen Curry,Stephen,G,,6.000000:07,0,3,0.0,0,1,0.0,0,0,0.0,1,0,1,1,0,0,1,0,0,-10.0,4,False
270,0022300186,1610612744,GSW,Golden State,201939,Stephen Curry,Stephen,G,,8.000000:43,5,8,0.625,1,3,0.333,2,3,0.667,1,2,3,2,1,0,0,0,13,6.0,1,False
271,0022300186,1610612744,GSW,Golden State,201939,Stephen Curry,Stephen,G,,8.000000:23,1,5,0.2,0,2,0.0,3,3,1.0,0,1,1,1,0,0,2,1,5,-6.0,2,False
272,0022300186,1610612744,GSW,Golden State,201939,Stephen Curry,Stephen,G,,8.000000:18,2,6,0.333,2,5,0.4,1,1,1.0,0,0,0,0,0,0,1,1,7,-8.0,3,False
273,0022300186,1610612744,GSW,Golden State,201939,Stephen Curry,Stephen,G,,10.000000:44,3,6,0.5,2,3,0.667,5,5,1.0,0,1,1,0,0,0,2,0,13,4.0,4,False
274,0022300207,1610612744,GSW,Golden State,201939,Stephen Curry,Stephen,G,,8.000000:48,1,3,0.333,1,2,0.5,2,2,1.0,0,2,2,1,0,0,0,0,5,1.0,1,False
275,0022300207,1610612744,GSW,Golden State,201939,Stephen Curry,Stephen,G,,8.000000:50,3,5,0.6,1,2,0.5,0,0,0.0,0,3,3,0,0,0,1,2,7,11.0,2,False
276,0022300207,1610612744,GSW,Golden State,201939,Stephen Curry,Stephen,G,,9.000000:18,2,5,0.4,1,2,0.5,0,0,0.0,0,1,1,2,0,0,1,0,5,-3.0,3,False
277,0022300207,1610612744,GSW,Golden State,201939,Stephen Curry,Stephen,G,,8.000000:20,1,6,0.167,1,3,0.333,2,2,1.0,0,1,1,0,0,0,0,0,5,-2.0,4,False
278,0022300207,1610612744,GSW,Golden State,201939,Stephen Curry,Stephen,G,,5.000000:00,1,2,0.5,1,2,0.5,0,0,0.0,0,0,0,0,0,0,0,0,3,-7.0,5,False
279,0022300224,1610612744,GSW,Golden State,201939,Stephen Curry,Stephen,G,,8.000000:01,1,1,1.0,1,1,1.0,0,0,0.0,0,1,1,0,0,0,2,0,3,-5.0,1,True
280,0022300224,1610612744,GSW,Golden State,201939,Stephen Curry,Stephen,G,,7.000000:41,2,3,0.667,1,2,0.5,3,4,0.75,0,1,1,1,0,0,0,1,8,7.0,2,True
281,0022300224,1610612744,GSW,Golden State,201939,Stephen Curry,Stephen,G,,7.000000:05,2,4,0.5,1,2,0.5,0,0,0.0,0,2,2,0,0,0,1,0,5,1.0,3,True
282,0022300224,1610612744,GSW,Golden State,201939,Stephen Curry,Stephen,G,,12.000000:00,3,6,0.5,2,4,0.5,8,8,1.0,0,1,1,0,0,0,1,1,16,-6.0,4,True
283,0022300236,1610612744,GSW,Golden State,201939,Stephen Curry,Stephen,G,,8.000000:17,2,4,0.5,1,3,0.333,2,2,1.0,0,0,0,2,0,0,1,0,7,6.0,1,False
284,0022300236,1610612744,GSW,Golden State,201939,Stephen Curry,Stephen,G,,8.000000:28,2,5,0.4,0,2,0.0,1,1,1.0,0,1,1,1,0,0,1,2,5,-13.0,2,False
285,0022300236,1610612744,GSW,Golden State,201939,Stephen Curry,Stephen,G,,7.000000:44,1,4,0.25,0,3,0.0,0,0,0.0,0,2,2,2,0,0,0,0,2,-4.0,3,False
286,0022300236,1610612744,GSW,Golden State,201939,Stephen Curry,Stephen,G,,3.000000:13,1,2,0.5,0,0,0.0,0,0,0.0,0,0,0,1,0,0,0,0,2,-6.0,4,False
287,0022300273,1610612744,GSW,Golden State,201939,Stephen Curry,Stephen,G,,9.000000:15,2,2,1.0,2,2,1.0,0,0,0.0,0,3,3,3,0,0,1,1,6,0.0,1,True
288,0022300273,1610612744,GSW,Golden State,201939,Stephen Curry,Stephen,G,,7.000000:47,0,4,0.0,0,4,0.0,1,2,0.5,0,2,2,1,0,1,1,1,1,-3.0,2,True
289,0022300273,1610612744,GSW,Golden State,201939,Stephen Curry,Stephen,G,,8.000000:54,3,4,0.75,1,2,0.5,1,1,1.0,0,1,1,3,1,0,0,0,8,0.0,3,True
290,0022300273,1610612744,GSW,Golden State,201939,Stephen Curry,Stephen,G,,7.000000:04,3,5,0.6,0,1,0.0,5,6,0.833,0,1,1,1,0,0,0,0,11,-1.0,4,True
291,0022300280,1610612744,GSW,Golden State,201939,Stephen Curry,Stephen,G,,9.000000:51,2,3,0.667,2,3,0.667,0,0,0.0,0,2,2,5,0,0,0,0,6,13.0,1,False
292,0022300280,1610612744,GSW,Golden State,201939,Stephen Curry,Stephen,G,,8.000000:07,4,5,0.8,2,3,0.667,2,2,1.0,0,0,0,2,0,0,1,0,12,8.0,2,False
293,0022300280,1610612744,GSW,Golden State,201939,Stephen Curry,Stephen,G,,9.000000:45,1,6,0.167,0,2,0.0,0,0,0.0,1,0,1,1,0,0,0,0,2,-10.0,3,False
294,0022300280,1610612744,GSW,Golden State,201939,Stephen Curry,Stephen,G,,8.000000:53,0,4,0.0,0,1,0.0,2,2,1.0,0,1,1,3,0,0,1,0,2,-9.0,4,False
295,0022300308,1610612744,GSW,Golden State,201939,Stephen Curry,Stephen,G,,8.000000:35,2,5,0.4,1,4,0.25,1,1,1.0,0,2,2,2,1,0,0,0,6,0.0,1,False
296,0022300308,1610612744,GSW,Golden State,201939,Stephen Curry,Stephen,G,,7.000000:15,3,4,0.75,2,3,0.667,2,2,1.0,0,0,0,0,0,0,0,1,10,-8.0,2,False
297,0022300308,1610612744,GSW,Golden State,201939,Stephen Curry,Stephen,G,,8.000000:37,2,7,0.286,0,3,0.0,1,1,1.0,0,2,2,0,0,0,1,1,5,-5.0,3,False
298,0022300308,1610612744,GSW,Golden State,201939,Stephen Curry,Stephen,G,,7.000000:38,1,8,0.125,1,5,0.2,0,0,0.0,0,1,1,2,2,0,0,0,3,-2.0,4,False
299,0022300325,1610612744,GSW,Golden State,201939,Stephen Curry,Stephen,G,,9.000000:14,1,4,0.25,1,3,0.333,0,0,0.0,0,2,2,1,0,0,0,1,3,2.0,1,False
300,0022300325,1610612744,GSW,Golden State,201939,Stephen Curry,Stephen,G,,7.000000:32,2,4,0.5,1,3,0.333,2,2,1.0,0,0,0,2,0,0,1,2,7,-1.0,2,False
301,0022300325,1610612744,GSW,Golden State,201939,Stephen Curry,Stephen,G,,9.000000:10,2,5,0.4,1,3,0.333,0,0,0.0,0,1,1,1,0,0,0,0,5,0.0,3,False
302,0022300325,1610612744,GSW,Golden State,201939,Stephen Curry,Stephen,G,,8.000000:06,0,4,0.0,0,4,0.0,2,2,1.0,0,1,1,0,0,0,0,0,2,-4.0,4,False
303,0022300339,1610612744,GSW,Golden State,201939,Stephen Curry,Stephen,G,,8.000000:59,1,3,0.333,1,1,1.0,2,2,1.0,0,0,0,0,0,1,1,0,5,4.0,1,True
304,0022300339,1610612744,GSW,Golden State,201939,Stephen Curry,Stephen,G,,8.000000:04,3,3,1.0,2,2,1.0,1,1,1.0,0,1,1,1,0,1,1,0,9,9.0,2,True
305,0022300339,1610612744,GSW,Golden State,201939,Stephen Curry,Stephen,G,,9.000000:19,3,9,0.333,1,3,0.333,0,0,0.0,0,1,1,0,0,1,1,0,7,-12.0,3,True
306,0022300339,1610612744,GSW,Golden State,201939,Stephen Curry,Stephen,G,,8.000000:40,7,7,1.0,2,2,1.0,0,0,0.0,0,1,1,0,0,0,0,1,16,6.0,4,True
307,0022300348,1610612744,GSW,Golden State,201939,Stephen Curry,Stephen,G,,8.000000:32,0,1,0.0,0,1,0.0,2,2,1.0,0,0,0,1,0,1,1,0,2,7.0,1,True
308,0022300348,1610612744,GSW,Golden State,201939,Stephen Curry,Stephen,G,,6.000000:33,1,3,0.333,0,1,0.0,0,0,0.0,0,1,1,3,1,0,1,0,2,10.0,2,True
309,0022300348,1610612744,GSW,Golden State,201939,Stephen Curry,Stephen,G,,8.000000:12,0,3,0.0,0,2,0.0,0,0,0.0,0,1,1,2,0,0,1,0,0,-10.0,3,True
310,0022300348,1610612744,GSW,Golden State,201939,Stephen Curry,Stephen,G,,7.000000:57,1,5,0.2,0,4,0.0,1,2,0.5,0,0,0,2,0,0,1,1,3,7.0,4,True
311,0022300362,1610612744,GSW,Golden State,201939,Stephen Curry,Stephen,G,,8.000000:21,2,3,0.667,0,1,0.0,1,1,1.0,0,1,1,1,0,0,2,1,5,-9.0,1,True
312,0022300362,1610612744,GSW,Golden State,201939,Stephen Curry,Stephen,G,,7.000000:04,1,3,0.333,1,2,0.5,2,2,1.0,0,0,0,1,0,0,1,2,5,10.0,2,True
313,0022300362,1610612744,GSW,Golden State,201939,Stephen Curry,Stephen,G,,5.000000:53,1,4,0.25,1,3,0.333,0,0,0.0,0,0,0,0,0,0,0,2,3,-10.0,3,True
314,0022300362,1610612744,GSW,Golden State,201939,Stephen Curry,Stephen,G,,12.000000:00,5,7,0.714,3,4,0.75,0,0,0.0,0,1,1,4,0,0,1,0,13,11.0,4,True
315,0022300362,1610612744,GSW,Golden State,201939,Stephen Curry,Stephen,G,,5.000000:00,2,4,0.5,1,1,1.0,2,2,1.0,0,1,1,0,0,0,0,0,7,6.0,5,True
316,0022300386,1610612744,GSW,Golden State,201939,Stephen Curry,Stephen,G,,10.000000:22,1,6,0.167,1,4,0.25,0,0,0.0,0,0,0,5,0,0,0,0,3,-3.0,1,True
317,0022300386,1610612744,GSW,Golden State,201939,Stephen Curry,Stephen,G,,8.000000:30,4,6,0.667,3,4,0.75,3,3,1.0,0,3,3,0,0,0,2,0,14,-7.0,2,True
318,0022300386,1610612744,GSW,Golden State,201939,Stephen Curry,Stephen,G,,8.000000:02,4,6,0.667,4,5,0.8,1,2,0.5,0,1,1,2,0,1,0,0,13,9.0,3,True
319,0022300399,1610612744,GSW,Golden State,201939,Stephen Curry,Stephen,G,,10.000000:08,2,5,0.4,1,3,0.333,1,1,1.0,0,1,1,0,0,0,1,0,6,-11.0,1,True
320,0022300399,1610612744,GSW,Golden State,201939,Stephen Curry,Stephen,G,,7.000000:00,4,5,0.8,1,2,0.5,1,1,1.0,0,1,1,0,0,0,0,0,10,13.0,2,True
321,0022300399,1610612744,GSW,Golden State,201939,Stephen Curry,Stephen,G,,10.000000:20,5,7,0.714,0,1,0.0,1,1,1.0,0,0,0,1,0,0,0,1,11,-1.0,3,True
322,0022300399,1610612744,GSW,Golden State,201939,Stephen Curry,Stephen,G,,2.000000:50,0,1,0.0,0,1,0.0,0,0,0.0,0,1,1,1,0,0,0,0,0,3.0,4,True
323,0022300402,1610612744,GSW,Golden State,201939,Stephen Curry,Stephen,G,,9.000000:01,0,2,0.0,0,1,0.0,0,0,0.0,1,0,1,2,0,1,0,0,0,-7.0,1,False
324,0022300402,1610612744,GSW,Golden State,201939,Stephen Curry,Stephen,G,,7.000000:59,1,3,0.333,1,3,0.333,1,1,1.0,0,0,0,0,0,0,2,0,4,-5.0,2,False
325,0022300402,1610612744,GSW,Golden State,201939,Stephen Curry,Stephen,G,,8.000000:58,3,9,0.333,1,5,0.2,0,0,0.0,0,1,1,2,0,0,0,1,7,-7.0,3,False
326,0022300402,1610612744,GSW,Golden State,201939,Stephen Curry,Stephen,G,,8.000000:22,3,7,0.429,1,4,0.25,0,0,0.0,0,0,0,0,1,0,1,3,7,-7.0,4,False
327,0022300426,1610612744,GSW,Golden State,201939,Stephen Curry,Stephen,G,,8.000000:38,0,2,0.0,0,1,0.0,0,0,0.0,0,2,2,1,0,1,0,0,0,-5.0,1,False
328,0022300426,1610612744,GSW,Golden State,201939,Stephen Curry,Stephen,G,,7.000000:42,2,3,0.667,2,3,0.667,4,5,0.8,0,1,1,1,0,0,0,0,10,-1.0,2,False
329,0022300426,1610612744,GSW,Golden State,201939,Stephen Curry,Stephen,G,,8.000000:57,1,6,0.167,0,2,0.0,1,1,1.0,0,0,0,3,2,0,0,0,3,-5.0,3,False
330,0022300426,1610612744,GSW,Golden State,201939,Stephen Curry,Stephen,G,,6.000000:26,0,4,0.0,0,2,0.0,0,0,0.0,0,1,1,0,0,0,1,1,0,-3.0,4,False
331,0022300444,1610612744,GSW,Golden State,201939,Stephen Curry,Stephen,G,,9.000000:27,1,7,0.143,0,4,0.0,0,0,0.0,0,0,0,3,1,0,0,0,2,-10.0,1,False
332,0022300444,1610612744,GSW,Golden State,201939,Stephen Curry,Stephen,G,,7.000000:07,2,4,0.5,2,3,0.667,0,0,0.0,0,0,0,1,0,0,0,0,6,5.0,2,False
333,0022300444,1610612744,GSW,Golden State,201939,Stephen Curry,Stephen,G,,9.000000:02,4,7,0.571,2,2,1.0,1,1,1.0,0,2,2,2,0,0,1,0,11,-2.0,3,False
334,0022300444,1610612744,GSW,Golden State,201939,Stephen Curry,Stephen,G,,8.000000:54,2,7,0.286,2,6,0.333,0,0,0.0,0,0,0,1,0,0,2,3,6,1.0,4,False
335,0022300463,1610612744,GSW,Golden State,201939,Stephen Curry,Stephen,G,,10.000000:48,2,6,0.333,0,2,0.0,3,4,0.75,0,0,0,3,2,0,0,0,7,1.0,1,True
336,0022300463,1610612744,GSW,Golden State,201939,Stephen Curry,Stephen,G,,8.000000:03,5,8,0.625,1,3,0.333,1,1,1.0,0,0,0,0,2,1,0,2,12,-2.0,2,True
337,0022300463,1610612744,GSW,Golden State,201939,Stephen Curry,Stephen,G,,7.000000:50,2,3,0.667,2,3,0.667,1,2,0.5,1,0,1,1,0,0,0,0,7,6.0,3,True
338,0022300463,1610612744,GSW,Golden State,201939,Stephen Curry,Stephen,G,,8.000000:33,3,3,1.0,1,1,1.0,3,4,0.75,0,1,1,2,0,0,2,2,10,7.0,4,True
339,0022300478,1610612744,GSW,Golden State,201939,Stephen Curry,Stephen,G,,9.000000:14,2,4,0.5,1,3,0.333,1,1,1.0,0,1,1,2,1,1,1,0,6,3.0,1,False
340,0022300478,1610612744,GSW,Golden State,201939,Stephen Curry,Stephen,G,,7.000000:05,3,6,0.5,1,1,1.0,0,0,0.0,0,2,2,1,0,0,0,0,7,-6.0,2,False
341,0022300478,1610612744,GSW,Golden State,201939,Stephen Curry,Stephen,G,,9.000000:41,4,6,0.667,2,4,0.5,0,0,0.0,0,1,1,2,0,0,0,1,10,16.0,3,False
342,0022300478,1610612744,GSW,Golden State,201939,Stephen Curry,Stephen,G,,8.000000:35,2,7,0.286,1,4,0.25,2,2,1.0,0,0,0,1,0,0,1,0,7,-14.0,4,False
343,0022300490,1610612744,GSW,Golden State,201939,Stephen Curry,Stephen,G,,8.000000:31,0,3,0.0,0,3,0.0,0,0,0.0,0,2,2,1,0,1,2,0,0,4.0,1,True
344,0022300490,1610612744,GSW,Golden State,201939,Stephen Curry,Stephen,G,,7.000000:02,2,5,0.4,1,3,0.333,3,3,1.0,0,0,0,2,1,0,1,0,8,-1.0,2,True
345,0022300490,1610612744,GSW,Golden State,201939,Stephen Curry,Stephen,G,,9.000000:05,2,6,0.333,0,3,0.0,0,0,0.0,0,3,3,1,0,0,0,0,4,4.0,3,True
346,0022300490,1610612744,GSW,Golden State,201939,Stephen Curry,Stephen,G,,6.000000:18,3,5,0.6,3,3,1.0,5,6,0.833,0,1,1,0,0,0,1,0,14,-7.0,4,True
347,0022300504,1610612744,GSW,Golden State,201939,Stephen Curry,Stephen,G,,8.000000:45,0,3,0.0,0,2,0.0,0,0,0.0,0,0,0,3,0,0,1,0,0,-12.0,1,False
348,0022300504,1610612744,GSW,Golden State,201939,Stephen Curry,Stephen,G,,8.000000:21,0,4,0.0,0,2,0.0,2,2,1.0,0,1,1,1,0,0,0,2,2,-14.0,2,False
349,0022300504,1610612744,GSW,Golden State,201939,Stephen Curry,Stephen,G,,8.000000:58,1,4,0.25,0,3,0.0,2,2,1.0,0,0,0,2,0,0,1,1,4,14.0,3,False
350,0022300504,1610612744,GSW,Golden State,201939,Stephen Curry,Stephen,G,,3.000000:47,1,3,0.333,0,2,0.0,1,1,1.0,0,0,0,0,0,0,0,0,3,-5.0,4,False
351,0022300525,1610612744,GSW,Golden State,201939,Stephen Curry,Stephen,G,,7.000000:54,2,6,0.333,1,3,0.333,0,0,0.0,0,0,0,0,1,0,1,0,5,-11.0,1,False
352,0022300525,1610612744,GSW,Golden State,201939,Stephen Curry,Stephen,G,,8.000000:23,2,4,0.5,2,3,0.667,2,2,1.0,0,0,0,3,0,0,1,0,8,12.0,2,False
353,0022300525,1610612744,GSW,Golden State,201939,Stephen Curry,Stephen,G,,8.000000:54,0,3,0.0,0,2,0.0,2,2,1.0,0,1,1,3,0,0,1,0,2,-5.0,3,False
354,0022300536,1610612744,GSW,Golden State,201939,Stephen Curry,Stephen,G,,9.000000:07,0,5,0.0,0,2,0.0,0,0,0.0,0,2,2,2,0,0,0,0,0,3.0,1,True
355,0022300536,1610612744,GSW,Golden State,201939,Stephen Curry,Stephen,G,,7.000000:53,2,4,0.5,2,4,0.5,0,0,0.0,0,0,0,1,0,0,0,0,6,-17.0,2,True
356,0022300536,1610612744,GSW,Golden State,201939,Stephen Curry,Stephen,G,,9.000000:17,1,6,0.167,1,3,0.333,3,3,1.0,0,3,3,6,1,0,0,1,6,21.0,3,True
357,0022300536,1610612744,GSW,Golden State,201939,Stephen Curry,Stephen,G,,8.000000:54,5,9,0.556,3,6,0.5,2,2,1.0,0,0,0,0,0,0,1,0,15,-2.0,4,True
358,0022300560,1610612744,GSW,Golden State,201939,Stephen Curry,Stephen,G,,9.000000:10,1,3,0.333,0,2,0.0,1,1,1.0,0,2,2,4,1,0,1,2,3,7.0,1,False
359,0022300560,1610612744,GSW,Golden State,201939,Stephen Curry,Stephen,G,,8.000000:06,6,7,0.857,1,2,0.5,0,0,0.0,0,0,0,1,0,0,1,0,13,2.0,2,False
360,0022300560,1610612744,GSW,Golden State,201939,Stephen Curry,Stephen,G,,6.000000:09,2,5,0.4,0,1,0.0,0,0,0.0,1,1,2,1,0,0,1,2,4,-1.0,3,False
361,0022300560,1610612744,GSW,Golden State,201939,Stephen Curry,Stephen,G,,9.000000:19,2,5,0.4,2,4,0.5,0,0,0.0,0,0,0,2,1,1,2,0,6,-10.0,4,False
362,0022300576,1610612744,GSW,Golden State,201939,Stephen Curry,Stephen,G,,10.000000:14,1,4,0.25,0,2,0.0,2,2,1.0,0,0,0,2,1,0,1,0,4,-4.0,1,True
363,0022300576,1610612744,GSW,Golden State,201939,Stephen Curry,Stephen,G,,7.000000:11,2,3,0.667,1,2,0.5,0,0,0.0,0,0,0,3,0,0,0,0,5,9.0,2,True
364,0022300576,1610612744,GSW,Golden State,201939,Stephen Curry,Stephen,G,,8.000000:25,0,2,0.0,0,1,0.0,0,0,0.0,1,1,2,4,0,0,3,1,0,0.0,3,True
365,0022300576,1610612744,GSW,Golden State,201939,Stephen Curry,Stephen,G,,9.000000:38,1,5,0.2,1,3,0.333,4,6,0.667,0,0,0,1,0,0,0,1,7,-7.0,4,True
366,0022300589,1610612744,GSW,Golden State,201939,Stephen Curry,Stephen,G,,8.000000:27,1,3,0.333,1,2,0.5,0,0,0.0,0,0,0,3,0,0,0,1,3,2.0,1,True
367,0022300589,1610612744,GSW,Golden State,201939,Stephen Curry,Stephen,G,,8.000000:02,3,8,0.375,2,2,1.0,0,0,0.0,0,6,6,1,0,2,2,0,8,-1.0,2,True
368,0022300589,1610612744,GSW,Golden State,201939,Stephen Curry,Stephen,G,,8.000000:17,1,5,0.2,0,1,0.0,0,0,0.0,0,0,0,2,1,0,2,0,2,-3.0,3,True
369,0022300589,1610612744,GSW,Golden State,201939,Stephen Curry,Stephen,G,,6.000000:49,0,2,0.0,0,0,0.0,0,0,0.0,0,1,1,1,0,0,0,0,0,-2.0,4,True
370,0022300626,1610612744,GSW,Golden State,201939,Stephen Curry,Stephen,G,,9.000000:42,2,6,0.333,2,4,0.5,2,2,1.0,0,1,1,2,0,0,0,1,8,2.0,1,True
371,0022300626,1610612744,GSW,Golden State,201939,Stephen Curry,Stephen,G,,7.000000:39,1,4,0.25,1,2,0.5,0,0,0.0,0,1,1,2,0,0,1,0,3,-2.0,2,True
372,0022300626,1610612744,GSW,Golden State,201939,Stephen Curry,Stephen,G,,8.000000:56,2,4,0.5,1,1,1.0,4,4,1.0,0,0,0,1,0,0,0,1,9,2.0,3,True
373,0022300626,1610612744,GSW,Golden State,201939,Stephen Curry,Stephen,G,,5.000000:01,2,2,1.0,1,1,1.0,0,0,0.0,0,1,1,3,0,0,0,1,5,7.0,4,True
374,0022300632,1610612744,GSW,Golden State,201939,Stephen Curry,Stephen,G,,12.000000:00,6,9,0.667,5,7,0.714,1,1,1.0,1,4,5,0,1,0,1,0,18,-8.0,1,False
375,0022300632,1610612744,GSW,Golden State,201939,Stephen Curry,Stephen,G,,7.000000:18,0,3,0.0,0,1,0.0,0,0,0.0,0,0,0,1,0,0,0,0,0,-1.0,2,False
376,0022300632,1610612744,GSW,Golden State,201939,Stephen Curry,Stephen,G,,8.000000:12,3,5,0.6,0,2,0.0,0,0,0.0,0,1,1,0,0,0,0,0,6,-1.0,3,False
377,0022300632,1610612744,GSW,Golden State,201939,Stephen Curry,Stephen,G,,8.000000:50,4,9,0.444,1,4,0.25,0,0,0.0,0,0,0,1,0,0,1,0,9,2.0,4,False
378,0022300650,1610612744,GSW,Golden State,201939,Stephen Curry,Stephen,G,,8.000000:44,4,6,0.667,3,5,0.6,0,0,0.0,0,1,1,3,0,0,1,0,11,3.0,1,False
379,0022300650,1610612744,GSW,Golden State,201939,Stephen Curry,Stephen,G,,8.000000:17,2,4,0.5,1,3,0.333,0,0,0.0,0,1,1,2,0,0,1,0,5,-1.0,2,False
380,0022300650,1610612744,GSW,Golden State,201939,Stephen Curry,Stephen,G,,8.000000:56,2,5,0.4,1,3,0.333,1,1,1.0,0,1,1,1,0,0,0,2,6,6.0,3,False
381,0022300650,1610612744,GSW,Golden State,201939,Stephen Curry,Stephen,G,,7.000000:33,4,10,0.4,1,5,0.2,0,0,0.0,0,0,0,0,1,0,2,2,9,-9.0,4,False
382,0022300650,1610612744,GSW,Golden State,201939,Stephen Curry,Stephen,G,,4.000000:54,2,5,0.4,1,2,0.5,0,0,0.0,0,0,0,1,0,0,0,0,5,0.0,5,False
383,0022300650,1610612744,GSW,Golden State,201939,Stephen Curry,Stephen,G,,5.000000:00,3,5,0.6,2,3,0.667,2,2,1.0,0,0,0,0,0,0,0,0,10,-1.0,6,False
384,0022300673,1610612744,GSW,Golden State,201939,Stephen Curry,Stephen,G,,9.000000:47,3,4,0.75,1,2,0.5,0,0,0.0,0,2,2,2,0,1,3,1,7,-3.0,1,True
385,0022300673,1610612744,GSW,Golden State,201939,Stephen Curry,Stephen,G,,7.000000:33,1,3,0.333,1,3,0.333,2,2,1.0,1,1,2,2,0,0,1,0,5,6.0,2,True
386,0022300673,1610612744,GSW,Golden State,201939,Stephen Curry,Stephen,G,,9.000000:23,5,7,0.714,4,6,0.667,1,1,1.0,0,3,3,1,0,0,1,1,15,14.0,3,True
387,0022300673,1610612744,GSW,Golden State,201939,Stephen Curry,Stephen,G,,8.000000:30,3,3,1.0,2,2,1.0,2,2,1.0,0,1,1,2,0,0,0,0,10,9.0,4,True
388,0022300693,1610612744,GSW,Golden State,201939,Stephen Curry,Stephen,G,,8.000000:39,1,3,0.333,1,2,0.5,2,2,1.0,0,2,2,3,0,0,1,0,5,0.0,1,True
389,0022300693,1610612744,GSW,Golden State,201939,Stephen Curry,Stephen,G,,8.000000:09,1,4,0.25,1,3,0.333,2,2,1.0,0,1,1,1,1,0,1,0,5,8.0,2,True
390,0022300693,1610612744,GSW,Golden State,201939,Stephen Curry,Stephen,G,,8.000000:10,2,4,0.5,0,1,0.0,0,0,0.0,0,3,3,1,0,0,0,0,4,-1.0,3,True
391,0022300693,1610612744,GSW,Golden State,201939,Stephen Curry,Stephen,G,,7.000000:18,2,5,0.4,2,3,0.667,0,0,0.0,0,0,0,1,0,0,1,1,6,5.0,4,True
392,0022300699,1610612744,GSW,Golden State,201939,Stephen Curry,Stephen,G,,9.000000:00,3,5,0.6,1,3,0.333,1,1,1.0,1,0,1,1,0,0,1,0,8,6.0,1,False
393,0022300699,1610612744,GSW,Golden State,201939,Stephen Curry,Stephen,G,,7.000000:46,3,7,0.429,2,5,0.4,3,3,1.0,0,1,1,1,0,1,0,1,11,-1.0,2,False
394,0022300699,1610612744,GSW,Golden State,201939,Stephen Curry,Stephen,G,,9.000000:06,4,9,0.444,1,5,0.2,2,2,1.0,0,1,1,1,0,0,0,0,11,-2.0,3,False
395,0022300699,1610612744,GSW,Golden State,201939,Stephen Curry,Stephen,G,,10.000000:29,9,12,0.75,4,6,0.667,0,0,0.0,0,3,3,1,0,0,1,0,22,3.0,4,False
396,0022300699,1610612744,GSW,Golden State,201939,Stephen Curry,Stephen,G,,5.000000:00,3,5,0.6,2,4,0.5,0,0,0.0,0,0,0,0,0,0,0,0,8,-7.0,5,False
397,0022300717,1610612744,GSW,Golden State,201939,Stephen Curry,Stephen,G,,8.000000:15,1,2,0.5,0,1,0.0,0,0,0.0,0,1,1,3,0,0,2,0,2,-1.0,1,True
398,0022300717,1610612744,GSW,Golden State,201939,Stephen Curry,Stephen,G,,8.000000:44,4,8,0.5,2,4,0.5,0,0,0.0,0,2,2,0,0,0,0,0,10,-4.0,2,True
399,0022300717,1610612744,GSW,Golden State,201939,Stephen Curry,Stephen,G,,8.000000:33,2,6,0.333,1,4,0.25,0,0,0.0,0,1,1,0,0,0,2,1,5,6.0,3,True
400,0022300717,1610612744,GSW,Golden State,201939,Stephen Curry,Stephen,G,,8.000000:45,5,8,0.625,1,2,0.5,1,1,1.0,1,0,1,0,0,0,0,1,12,5.0,4,True
401,0022300727,1610612744,GSW,Golden State,201939,Stephen Curry,Stephen,G,,8.000000:41,0,4,0.0,0,3,0.0,0,0,0.0,0,0,0,0,0,0,1,1,0,-7.0,1,True
402,0022300727,1610612744,GSW,Golden State,201939,Stephen Curry,Stephen,G,,6.000000:49,0,0,0.0,0,0,0.0,2,2,1.0,0,1,1,1,0,1,3,1,2,3.0,2,True
403,0022300727,1610612744,GSW,Golden State,201939,Stephen Curry,Stephen,G,,9.000000:06,2,3,0.667,1,1,1.0,2,2,1.0,0,2,2,0,0,0,0,0,7,17.0,3,True
404,0022300733,1610612744,GSW,Golden State,201939,Stephen Curry,Stephen,G,,9.000000:18,6,6,1.0,6,6,1.0,0,0,0.0,0,0,0,1,0,0,1,1,18,7.0,1,True
405,0022300733,1610612744,GSW,Golden State,201939,Stephen Curry,Stephen,G,,7.000000:20,4,5,0.8,2,3,0.667,1,1,1.0,0,2,2,1,0,0,0,1,11,7.0,2,True
406,0022300733,1610612744,GSW,Golden State,201939,Stephen Curry,Stephen,G,,8.000000:33,3,9,0.333,1,5,0.2,0,1,0.0,0,0,0,0,0,1,1,0,7,1.0,3,True
407,0022300733,1610612744,GSW,Golden State,201939,Stephen Curry,Stephen,G,,4.000000:55,2,2,1.0,2,2,1.0,0,0,0.0,0,0,0,0,0,0,0,0,6,-2.0,4,True
408,0022300757,1610612744,GSW,Golden State,201939,Stephen Curry,Stephen,G,,9.000000:33,2,5,0.4,2,4,0.5,1,2,0.5,0,0,0,3,0,0,0,0,7,7.0,1,True
409,0022300757,1610612744,GSW,Golden State,201939,Stephen Curry,Stephen,G,,8.000000:02,1,4,0.25,1,2,0.5,0,0,0.0,0,4,4,2,0,0,2,0,3,1.0,2,True
410,0022300757,1610612744,GSW,Golden State,201939,Stephen Curry,Stephen,G,,8.000000:34,4,7,0.571,4,5,0.8,0,0,0.0,1,2,3,0,1,0,1,0,12,-1.0,3,True
411,0022300757,1610612744,GSW,Golden State,201939,Stephen Curry,Stephen,G,,7.000000:41,3,6,0.5,2,5,0.4,0,0,0.0,0,2,2,1,0,0,0,0,8,3.0,4,True
412,0022300769,1610612744,GSW,Golden State,201939,Stephen Curry,Stephen,G,,8.000000:54,1,5,0.2,1,5,0.2,0,0,0.0,0,2,2,5,0,0,0,0,3,11.0,1,True
413,0022300769,1610612744,GSW,Golden State,201939,Stephen Curry,Stephen,G,,8.000000:41,3,6,0.5,1,3,0.333,0,0,0.0,0,1,1,2,0,1,0,0,7,6.0,2,True
414,0022300769,1610612744,GSW,Golden State,201939,Stephen Curry,Stephen,G,,8.000000:33,0,1,0.0,0,1,0.0,0,0,0.0,0,2,2,1,2,0,0,0,0,2.0,3,True
415,0022300769,1610612744,GSW,Golden State,201939,Stephen Curry,Stephen,G,,5.000000:57,5,7,0.714,5,7,0.714,0,0,0.0,0,1,1,2,1,0,1,1,15,11.0,4,True
416,0022300789,1610612744,GSW,Golden State,201939,Stephen Curry,Stephen,G,,8.000000:33,2,6,0.333,1,3,0.333,0,0,0.0,0,0,0,0,0,0,0,0,5,5.0,1,False
417,0022300789,1610612744,GSW,Golden State,201939,Stephen Curry,Stephen,G,,8.000000:07,5,9,0.556,3,6,0.5,0,0,0.0,0,0,0,1,0,0,0,2,13,1.0,2,False
418,0022300789,1610612744,GSW,Golden State,201939,Stephen Curry,Stephen,G,,9.000000:24,4,7,0.571,3,6,0.5,2,2,1.0,0,3,3,4,0,0,2,1,13,3.0,3,False
419,0022300789,1610612744,GSW,Golden State,201939,Stephen Curry,Stephen,G,,8.000000:36,4,9,0.444,2,4,0.5,0,0,0.0,1,0,1,0,0,0,2,0,10,-15.0,4,False
420,0022300802,1610612744,GSW,Golden State,201939,Stephen Curry,Stephen,G,,9.000000:40,6,8,0.75,4,5,0.8,0,0,0.0,0,0,0,2,1,0,1,1,16,3.0,1,True
421,0022300802,1610612744,GSW,Golden State,201939,Stephen Curry,Stephen,G,,8.000000:30,3,4,0.75,1,2,0.5,2,2,1.0,0,1,1,3,1,0,0,0,9,15.0,2,True
422,0022300802,1610612744,GSW,Golden State,201939,Stephen Curry,Stephen,G,,9.000000:10,3,8,0.375,1,3,0.333,0,0,0.0,0,0,0,2,1,0,0,0,7,5.0,3,True
423,0022300802,1610612744,GSW,Golden State,201939,Stephen Curry,Stephen,G,,4.000000:27,0,4,0.0,0,3,0.0,0,0,0.0,0,0,0,1,0,0,0,0,0,2.0,4,True
424,0022300811,1610612744,GSW,Golden State,201939,Stephen Curry,Stephen,G,,9.000000:42,1,5,0.2,0,4,0.0,0,0,0.0,0,0,0,1,0,0,3,1,2,1.0,1,True
425,0022300811,1610612744,GSW,Golden State,201939,Stephen Curry,Stephen,G,,6.000000:48,2,4,0.5,1,2,0.5,0,0,0.0,0,1,1,0,1,0,0,0,5,10.0,2,True
426,0022300811,1610612744,GSW,Golden State,201939,Stephen Curry,Stephen,G,,9.000000:07,1,3,0.333,1,3,0.333,0,0,0.0,0,0,0,3,0,0,0,0,3,4.0,3,True
427,0022300811,1610612744,GSW,Golden State,201939,Stephen Curry,Stephen,G,,5.000000:37,1,2,0.5,1,2,0.5,2,2,1.0,0,1,1,1,0,0,1,0,5,-5.0,4,True
428,0022300824,1610612744,GSW,Golden State,201939,Stephen Curry,Stephen,G,,9.000000:23,1,5,0.2,0,3,0.0,2,2,1.0,0,0,0,0,0,0,1,2,4,5.0,1,False
429,0022300824,1610612744,GSW,Golden State,201939,Stephen Curry,Stephen,G,,6.000000:47,0,2,0.0,0,2,0.0,0,0,0.0,0,0,0,2,0,0,1,0,0,-13.0,2,False
430,0022300824,1610612744,GSW,Golden State,201939,Stephen Curry,Stephen,G,,9.000000:51,4,9,0.444,1,3,0.333,5,5,1.0,0,1,1,1,0,0,0,0,14,-5.0,3,False
431,0022300824,1610612744,GSW,Golden State,201939,Stephen Curry,Stephen,G,,6.000000:10,1,3,0.333,0,2,0.0,0,1,0.0,0,0,0,1,0,0,1,0,2,-9.0,4,False
432,0022300834,1610612744,GSW,Golden State,201939,Stephen Curry,Stephen,G,,8.000000:40,0,4,0.0,0,3,0.0,0,0,0.0,0,1,1,1,0,0,0,0,0,-6.0,1,True
433,0022300834,1610612744,GSW,Golden State,201939,Stephen Curry,Stephen,G,,6.000000:17,0,3,0.0,0,3,0.0,0,0,0.0,0,2,2,2,0,0,1,1,0,-2.0,2,True
434,0022300834,1610612744,GSW,Golden State,201939,Stephen Curry,Stephen,G,,7.000000:38,2,4,0.5,2,3,0.667,2,2,1.0,0,2,2,2,1,1,1,0,8,12.0,3,True
435,0022300834,1610612744,GSW,Golden State,201939,Stephen Curry,Stephen,G,,7.000000:03,4,10,0.4,2,7,0.286,0,0,0.0,0,0,0,1,0,0,1,0,10,-3.0,4,True
436,0022300852,1610612744,GSW,Golden State,201939,Stephen Curry,Stephen,G,,9.000000:13,4,7,0.571,3,5,0.6,0,0,0.0,2,5,7,1,0,0,1,0,11,12.0,1,True
437,0022300852,1610612744,GSW,Golden State,201939,Stephen Curry,Stephen,G,,8.000000:08,2,6,0.333,1,3,0.333,1,1,1.0,0,3,3,0,0,0,1,0,6,-1.0,2,True
438,0022300852,1610612744,GSW,Golden State,201939,Stephen Curry,Stephen,G,,8.000000:27,3,9,0.333,2,6,0.333,0,0,0.0,0,1,1,0,0,0,0,0,8,2.0,3,True
439,0022300852,1610612744,GSW,Golden State,201939,Stephen Curry,Stephen,G,,5.000000:48,2,4,0.5,2,4,0.5,0,0,0.0,0,0,0,0,1,0,1,0,6,7.0,4,True
440,0022300860,1610612744,GSW,Golden State,201939,Stephen Curry,Stephen,G,,8.000000:01,3,5,0.6,3,4,0.75,0,0,0.0,2,1,3,1,0,0,2,0,9,-1.0,1,True
441,0022300860,1610612744,GSW,Golden State,201939,Stephen Curry,Stephen,G,,6.000000:15,2,4,0.5,1,2,0.5,0,0,0.0,0,0,0,4,0,0,0,0,5,2.0,2,True
442,0022300860,1610612744,GSW,Golden State,201939,Stephen Curry,Stephen,G,,9.000000:10,3,8,0.375,3,5,0.6,0,0,0.0,0,3,3,1,0,0,0,1,9,12.0,3,True
443,0022300860,1610612744,GSW,Golden State,201939,Stephen Curry,Stephen,G,,6.000000:40,1,5,0.2,0,4,0.0,0,0,0.0,0,0,0,0,0,0,2,1,2,-1.0,4,True
444,0022300872,1610612744,GSW,Golden State,201939,Stephen Curry,Stephen,G,,8.000000:26,1,6,0.167,0,4,0.0,0,0,0.0,0,0,0,3,0,0,0,0,2,-14.0,1,False
445,0022300872,1610612744,GSW,Golden State,201939,Stephen Curry,Stephen,G,,8.000000:15,1,7,0.143,0,5,0.0,0,0,0.0,0,1,1,0,0,0,2,0,2,-15.0,2,False
446,0022300899,1610612744,GSW,Golden State,201939,Stephen Curry,Stephen,G,,11.000000:23,4,7,0.571,2,4,0.5,0,0,0.0,0,2,2,1,0,0,1,1,10,8.0,1,True
447,0022300899,1610612744,GSW,Golden State,201939,Stephen Curry,Stephen,G,,6.000000:25,2,3,0.667,1,1,1.0,2,2,1.0,2,2,4,2,0,0,1,0,7,10.0,2,True
448,0022300899,1610612744,GSW,Golden State,201939,Stephen Curry,Stephen,G,,8.000000:42,2,6,0.333,1,3,0.333,1,2,0.5,0,1,1,1,0,0,0,0,6,-10.0,3,True
449,0022300899,1610612744,GSW,Golden State,201939,Stephen Curry,Stephen,G,,4.000000:15,2,2,1.0,2,2,1.0,0,0,0.0,0,1,1,1,0,0,0,0,6,7.0,4,True
450,0022300907,1610612744,GSW,Golden State,201939,Stephen Curry,Stephen,G,,9.000000:13,1,6,0.167,1,4,0.25,0,0,0.0,0,2,2,0,0,0,0,0,3,11.0,1,False
451,0022300907,1610612744,GSW,Golden State,201939,Stephen Curry,Stephen,G,,7.000000:15,1,2,0.5,0,1,0.0,0,0,0.0,0,1,1,0,0,0,1,0,2,-8.0,2,False
452,0022300907,1610612744,GSW,Golden State,201939,Stephen Curry,Stephen,G,,8.000000:06,3,6,0.5,2,5,0.4,2,2,1.0,0,0,0,1,0,0,1,1,10,0.0,3,False
453,0022300907,1610612744,GSW,Golden State,201939,Stephen Curry,Stephen,G,,4.000000:08,0,4,0.0,0,2,0.0,0,0,0.0,0,0,0,0,0,0,0,0,0,6.0,4,False
454,0022300973,1610612744,GSW,Golden State,201939,Stephen Curry,Stephen,G,,8.000000:19,0,2,0.0,0,1,0.0,0,0,0.0,0,0,0,3,1,0,1,0,0,-5.0,1,True
455,0022300973,1610612744,GSW,Golden State,201939,Stephen Curry,Stephen,G,,8.000000:18,5,7,0.714,1,1,1.0,2,2,1.0,1,0,1,0,0,0,0,0,13,6.0,2,True
456,0022300973,1610612744,GSW,Golden State,201939,Stephen Curry,Stephen,G,,9.000000:16,5,10,0.5,2,6,0.333,1,1,1.0,0,5,5,1,0,0,0,0,13,5.0,3,True
457,0022300973,1610612744,GSW,Golden State,201939,Stephen Curry,Stephen,G,,7.000000:59,2,5,0.4,0,2,0.0,1,2,0.5,0,0,0,1,1,0,0,0,5,-2.0,4,True
458,0022300988,1610612744,GSW,Golden State,201939,Stephen Curry,Stephen,G,,8.000000:30,0,3,0.0,0,2,0.0,2,2,1.0,0,2,2,2,0,0,2,0,2,-11.0,1,False
459,0022300988,1610612744,GSW,Golden State,201939,Stephen Curry,Stephen,G,,8.000000:45,4,7,0.571,2,4,0.5,3,3,1.0,0,0,0,1,0,0,0,0,13,1.0,2,False
460,0022300988,1610612744,GSW,Golden State,201939,Stephen Curry,Stephen,G,,8.000000:06,3,5,0.6,1,2,0.5,0,0,0.0,0,2,2,1,0,0,0,0,7,0.0,3,False
461,0022300988,1610612744,GSW,Golden State,201939,Stephen Curry,Stephen,G,,7.000000:58,1,5,0.2,1,5,0.2,2,2,1.0,0,1,1,1,0,0,0,1,5,1.0,4,False
462,0022301001,1610612744,GSW,Golden State,201939,Stephen Curry,Stephen,G,,9.000000:55,3,4,0.75,2,3,0.667,0,0,0.0,1,0,1,2,0,0,1,0,8,-1.0,1,True
463,0022301001,1610612744,GSW,Golden State,201939,Stephen Curry,Stephen,G,,6.000000:38,0,3,0.0,0,2,0.0,0,0,0.0,0,0,0,1,0,1,0,1,0,8.0,2,True
464,0022301001,1610612744,GSW,Golden State,201939,Stephen Curry,Stephen,G,,7.000000:32,2,2,1.0,2,2,1.0,0,0,0.0,0,1,1,0,0,0,1,0,6,10.0,3,True
465,0022301016,1610612744,GSW,Golden State,201939,Stephen Curry,Stephen,G,,8.000000:06,5,6,0.833,3,4,0.75,0,0,0.0,1,1,2,2,0,0,0,0,13,3.0,1,False
466,0022301016,1610612744,GSW,Golden State,201939,Stephen Curry,Stephen,G,,7.000000:42,1,4,0.25,0,2,0.0,0,0,0.0,0,3,3,1,0,0,0,0,2,-7.0,2,False
467,0022301016,1610612744,GSW,Golden State,201939,Stephen Curry,Stephen,G,,7.000000:05,2,7,0.286,2,6,0.333,0,0,0.0,1,1,2,0,0,0,1,0,6,-11.0,3,False
468,0022301016,1610612744,GSW,Golden State,201939,Stephen Curry,Stephen,G,,12.000000:00,1,7,0.143,1,6,0.167,1,1,1.0,1,3,4,2,0,0,0,0,4,2.0,4,False
469,0022301031,1610612744,GSW,Golden State,201939,Stephen Curry,Stephen,G,,7.000000:59,1,3,0.333,1,2,0.5,0,0,0.0,0,1,1,0,0,0,0,0,3,1.0,1,False
470,0022301031,1610612744,GSW,Golden State,201939,Stephen Curry,Stephen,G,,7.000000:04,3,5,0.6,1,1,1.0,4,4,1.0,0,2,2,1,0,0,1,0,11,4.0,2,False
471,0022301031,1610612744,GSW,Golden State,201939,Stephen Curry,Stephen,G,,7.000000:53,3,7,0.429,2,4,0.5,0,0,0.0,0,0,0,0,0,0,1,1,8,-3.0,3,False
472,0022301031,1610612744,GSW,Golden State,201939,Stephen Curry,Stephen,G,,6.000000:54,2,6,0.333,1,4,0.25,4,4,1.0,0,1,1,2,0,0,0,0,9,4.0,4,False
473,0022301044,1610612744,GSW,Golden State,201939,Stephen Curry,Stephen,G,,7.000000:50,3,5,0.6,1,3,0.333,0,0,0.0,1,0,1,2,0,0,0,1,7,6.0,1,True
474,0022301044,1610612744,GSW,Golden State,201939,Stephen Curry,Stephen,G,,6.000000:43,0,1,0.0,0,1,0.0,0,0,0.0,0,1,1,0,0,0,0,0,0,-6.0,2,True
475,0022301044,1610612744,GSW,Golden State,201939,Stephen Curry,Stephen,G,,9.000000:25,2,6,0.333,1,5,0.2,0,0,0.0,0,0,0,1,0,0,1,0,5,11.0,3,True
476,0022301044,1610612744,GSW,Golden State,201939,Stephen Curry,Stephen,G,,7.000000:03,2,3,0.667,1,1,1.0,0,0,0.0,0,0,0,3,0,0,0,0,5,8.0,4,True
477,0022301049,1610612744,GSW,Golden State,201939,Stephen Curry,Stephen,G,,8.000000:19,0,3,0.0,0,1,0.0,0,0,0.0,0,0,0,2,0,0,1,2,0,12.0,1,True
478,0022301049,1610612744,GSW,Golden State,201939,Stephen Curry,Stephen,G,,9.000000:10,2,6,0.333,0,2,0.0,2,2,1.0,0,1,1,3,0,0,1,0,6,2.0,2,True
479,0022301049,1610612744,GSW,Golden State,201939,Stephen Curry,Stephen,G,,8.000000:04,2,5,0.4,2,3,0.667,0,0,0.0,0,2,2,3,0,0,0,0,6,0.0,3,True
480,0022301049,1610612744,GSW,Golden State,201939,Stephen Curry,Stephen,G,,9.000000:28,2,4,0.5,1,2,0.5,0,0,0.0,0,1,1,2,0,0,0,0,5,4.0,4,True
481,0022301062,1610612744,GSW,Golden State,201939,Stephen Curry,Stephen,G,,10.000000:19,2,3,0.667,1,2,0.5,0,0,0.0,0,1,1,3,0,0,0,0,5,10.0,1,True
482,0022301062,1610612744,GSW,Golden State,201939,Stephen Curry,Stephen,G,,7.000000:16,1,4,0.25,1,3,0.333,0,0,0.0,0,0,0,0,1,0,0,1,3,-4.0,2,True
483,0022301062,1610612744,GSW,Golden State,201939,Stephen Curry,Stephen,G,,7.000000:59,5,7,0.714,1,3,0.333,1,1,1.0,0,0,0,1,0,0,0,0,12,10.0,3,True
484,0022301062,1610612744,GSW,Golden State,201939,Stephen Curry,Stephen,G,,6.000000:34,1,4,0.25,1,3,0.333,0,0,0.0,0,0,0,0,0,0,0,0,3,-3.0,4,True
485,0022301085,1610612744,GSW,Golden State,201939,Stephen Curry,Stephen,G,,8.000000:20,2,4,0.5,1,1,1.0,0,0,0.0,0,1,1,2,0,0,1,0,5,-5.0,1,True
486,0022301085,1610612744,GSW,Golden State,201939,Stephen Curry,Stephen,G,,7.000000:10,3,5,0.6,1,3,0.333,0,0,0.0,0,0,0,1,0,0,1,1,7,1.0,2,True
487,0022301085,1610612744,GSW,Golden State,201939,Stephen Curry,Stephen,G,,7.000000:42,3,6,0.5,3,6,0.5,0,0,0.0,0,0,0,3,0,0,0,0,9,17.0,3,True
488,0022301085,1610612744,GSW,Golden State,201939,Stephen Curry,Stephen,G,,9.000000:20,4,8,0.5,2,5,0.4,2,2,1.0,0,0,0,2,0,0,2,0,12,-1.0,4,True
489,0022301097,1610612744,GSW,Golden State,201939,Stephen Curry,Stephen,G,,9.000000:05,1,4,0.25,1,2,0.5,2,2,1.0,0,2,2,2,0,0,1,0,5,-11.0,1,False
490,0022301097,1610612744,GSW,Golden State,201939,Stephen Curry,Stephen,G,,6.000000:49,2,5,0.4,2,4,0.5,0,0,0.0,0,1,1,1,0,0,0,0,6,0.0,2,False
491,0022301097,1610612744,GSW,Golden State,201939,Stephen Curry,Stephen,G,,8.000000:57,1,4,0.25,0,1,0.0,1,2,0.5,0,1,1,0,1,0,0,0,3,-2.0,3,False
492,0022301097,1610612744,GSW,Golden State,201939,Stephen Curry,Stephen,G,,10.000000:34,5,10,0.5,2,7,0.286,2,2,1.0,1,1,2,2,0,0,1,2,14,8.0,4,False
493,0022301113,1610612744,GSW,Golden State,201939,Stephen Curry,Stephen,G,,8.000000:07,2,3,0.667,1,1,1.0,0,0,0.0,0,1,1,2,0,0,0,0,5,14.0,1,True
494,0022301113,1610612744,GSW,Golden State,201939,Stephen Curry,Stephen,G,,8.000000:17,3,5,0.6,1,3,0.333,0,0,0.0,0,4,4,1,0,0,3,1,7,6.0,2,True
495,0022301113,1610612744,GSW,Golden State,201939,Stephen Curry,Stephen,G,,8.000000:38,2,2,1.0,0,0,0.0,5,5,1.0,0,0,0,1,0,0,0,1,9,5.0,3,True
496,0022301113,1610612744,GSW,Golden State,201939,Stephen Curry,Stephen,G,,5.000000:38,2,4,0.5,0,2,0.0,4,4,1.0,0,1,1,2,0,0,0,0,8,4.0,4,True
497,0022301155,1610612744,GSW,Golden State,201939,Stephen Curry,Stephen,G,,7.000000:59,2,3,0.667,1,1,1.0,0,1,0.0,0,2,2,1,0,1,0,0,5,4.0,1,True
498,0022301155,1610612744,GSW,Golden State,201939,Stephen Curry,Stephen,G,,8.000000:32,2,2,1.0,2,2,1.0,0,0,0.0,0,1,1,2,0,1,0,0,6,6.0,2,True
499,0022301155,1610612744,GSW,Golden State,201939,Stephen Curry,Stephen,G,,7.000000:37,1,1,1.0,1,1,1.0,3,3,1.0,0,2,2,4,1,0,1,0,6,-5.0,3,True
500,0022301155,1610612744,GSW,Golden State,201939,Stephen Curry,Stephen,G,,8.000000:11,2,3,0.667,2,2,1.0,0,0,0.0,0,2,2,1,0,0,0,2,6,8.0,4,True
501,0022301169,1610612744,GSW,Golden State,201939,Stephen Curry,Stephen,G,,9.000000:24,3,9,0.333,2,6,0.333,0,0,0.0,0,3,3,1,0,1,0,0,8,-1.0,1,True
502,0022301169,1610612744,GSW,Golden State,201939,Stephen Curry,Stephen,G,,8.000000:14,1,3,0.333,1,3,0.333,0,0,0.0,0,1,1,0,0,0,0,0,3,0.0,2,True
503,0022301169,1610612744,GSW,Golden State,201939,Stephen Curry,Stephen,G,,8.000000:11,1,5,0.2,0,4,0.0,1,1,1.0,0,1,1,4,0,0,1,0,3,-3.0,3,True
504,0022301169,1610612744,GSW,Golden State,201939,Stephen Curry,Stephen,G,,10.000000:33,3,5,0.6,2,3,0.667,0,0,0.0,0,2,2,3,1,1,1,0,8,11.0,4,True
505,0022301182,1610612744,GSW,Golden State,201939,Stephen Curry,Stephen,G,,8.000000:01,2,4,0.5,1,2,0.5,0,0,0.0,0,0,0,1,1,0,1,1,5,11.0,1,False
506,0022301182,1610612744,GSW,Golden State,201939,Stephen Curry,Stephen,G,,7.000000:39,4,6,0.667,2,2,1.0,0,0,0.0,0,1,1,0,0,0,4,1,10,-17.0,2,False
507,0022301182,1610612744,GSW,Golden State,201939,Stephen Curry,Stephen,G,,8.000000:47,0,5,0.0,0,3,0.0,2,2,1.0,0,1,1,3,0,0,0,0,2,0.0,3,False
508,0022301182,1610612744,GSW,Golden State,201939,Stephen Curry,Stephen,G,,7.000000:57,6,8,0.75,4,6,0.667,0,0,0.0,0,2,2,1,0,0,2,0,16,-2.0,4,False
509,0022301214,1610612744,GSW,Golden State,201939,Stephen Curry,Stephen,G,,7.000000:57,1,4,0.25,1,3,0.333,1,2,0.5,0,0,0,0,0,0,2,1,4,-4.0,1,True
510,0022301214,1610612744,GSW,Golden State,201939,Stephen Curry,Stephen,G,,7.000000:58,0,4,0.0,0,3,0.0,5,5,1.0,0,1,1,1,0,0,0,1,5,2.0,2,True
511,0022301214,1610612744,GSW,Golden State,201939,Stephen Curry,Stephen,G,,10.000000:50,5,6,0.833,3,4,0.75,4,4,1.0,0,1,1,0,0,0,0,0,17,1.0,3,True
512,0022301214,1610612744,GSW,Golden State,201939,Stephen Curry,Stephen,G,,7.000000:44,2,4,0.5,1,3,0.333,0,0,0.0,0,3,3,0,0,0,2,0,5,5.0,4,True
513,0022301222,1610612744,GSW,Golden State,201939,Stephen Curry,Stephen,G,,9.000000:19,1,2,0.5,1,2,0.5,3,3,1.0,0,1,1,1,0,0,1,0,6,10.0,1,False
514,0022301222,1610612744,GSW,Golden State,201939,Stephen Curry,Stephen,G,,8.000000:01,1,3,0.333,1,3,0.333,2,2,1.0,0,0,0,0,0,0,0,0,5,-3.0,2,False
515,0022301222,1610612744,GSW,Golden State,201939,Stephen Curry,Stephen,G,,10.000000:03,1,5,0.2,1,2,0.5,0,0,0.0,0,2,2,1,0,0,1,0,3,-8.0,3,False
516,0022301222,1610612744,GSW,Golden State,201939,Stephen Curry,Stephen,G,,7.000000:59,4,7,0.571,1,3,0.333,1,1,1.0,0,2,2,1,0,0,0,0,10,-2.0,4,False
517,0022301222,1610612744,GSW,Golden State,201939,Stephen Curry,Stephen,G,,5.000000:00,3,3,1.0,2,2,1.0,2,2,1.0,0,1,1,0,1,0,1,0,10,-2.0,5,False
518,0022400007,1610612744,GSW,Golden State,201939,Stephen Curry,Stephen,G,,9.000000:58,5,8,0.625,2,3,0.667,0,0,0.0,0,2,2,1,0,2,0,1,12,6.0,1,True
519,0022400007,1610612744,GSW,Golden State,201939,Stephen Curry,Stephen,G,,6.000000:25,1,2,0.5,0,1,0.0,0,1,0.0,0,1,1,5,0,0,2,0,2,3.0,2,True
520,0022400007,1610612744,GSW,Golden State,201939,Stephen Curry,Stephen,G,,9.000000:56,4,10,0.4,1,4,0.25,2,2,1.0,0,1,1,3,0,0,1,1,11,12.0,3,True
521,0022400007,1610612744,GSW,Golden State,201939,Stephen Curry,Stephen,G,,8.000000:33,4,7,0.571,2,4,0.5,2,2,1.0,0,2,2,0,1,0,1,0,12,3.0,4,True
522,0022400019,1610612744,GSW,Golden State,201939,Stephen Curry,Stephen,G,,11.000000:23,0,1,0.0,0,1,0.0,2,2,1.0,0,5,5,1,0,0,1,0,2,3.0,1,True
523,0022400019,1610612744,GSW,Golden State,201939,Stephen Curry,Stephen,G,,5.000000:52,2,4,0.5,1,2,0.5,0,0,0.0,0,0,0,2,2,0,1,2,5,1.0,2,True
524,0022400019,1610612744,GSW,Golden State,201939,Stephen Curry,Stephen,G,,8.000000:46,2,4,0.5,2,4,0.5,0,0,0.0,1,2,3,2,2,0,1,0,6,5.0,3,True
525,0022400072,1610612744,GSW,Golden State,201939,Stephen Curry,Stephen,G,,8.000000:41,0,4,0.0,0,3,0.0,4,4,1.0,0,3,3,2,0,0,0,0,4,-3.0,1,True
526,0022400072,1610612744,GSW,Golden State,201939,Stephen Curry,Stephen,G,,8.000000:23,1,3,0.333,0,1,0.0,2,2,1.0,0,1,1,5,2,0,0,0,4,12.0,2,True
527,0022400072,1610612744,GSW,Golden State,201939,Stephen Curry,Stephen,G,,8.000000:00,3,3,1.0,3,3,1.0,0,0,0.0,0,5,5,3,0,0,2,0,9,14.0,3,True
528,0022400084,1610612744,GSW,Golden State,201939,Stephen Curry,Stephen,G,,10.000000:08,2,7,0.286,1,5,0.2,2,2,1.0,0,0,0,1,0,0,1,1,7,4.0,1,True
529,0022400084,1610612744,GSW,Golden State,201939,Stephen Curry,Stephen,G,,7.000000:09,0,2,0.0,0,0,0.0,0,0,0.0,0,2,2,1,0,0,1,0,0,6.0,2,True
530,0022400084,1610612744,GSW,Golden State,201939,Stephen Curry,Stephen,G,,10.000000:08,5,11,0.455,3,8,0.375,0,0,0.0,0,1,1,2,2,0,1,2,13,12.0,3,True
531,0022400101,1610612744,GSW,Golden State,201939,Stephen Curry,Stephen,G,,8.000000:58,2,3,0.667,2,3,0.667,0,0,0.0,0,1,1,4,0,1,2,1,6,3.0,1,False
532,0022400101,1610612744,GSW,Golden State,201939,Stephen Curry,Stephen,G,,8.000000:14,1,3,0.333,1,3,0.333,2,2,1.0,0,2,2,1,1,0,1,0,5,4.0,2,False
533,0022400101,1610612744,GSW,Golden State,201939,Stephen Curry,Stephen,G,,9.000000:17,3,5,0.6,1,1,1.0,0,0,0.0,0,1,1,1,1,0,3,0,7,-3.0,3,False
534,0022400101,1610612744,GSW,Golden State,201939,Stephen Curry,Stephen,G,,0.000000:13,0,0,0.0,0,0,0.0,0,0,0.0,0,0,0,0,0,0,0,0,0,-2.0,4,False
535,0022400155,1610612744,GSW,Golden State,201939,Stephen Curry,Stephen,G,,5.000000:31,1,2,0.5,1,2,0.5,0,0,0.0,0,2,2,3,0,0,0,0,3,7.0,1,True
536,0022400155,1610612744,GSW,Golden State,201939,Stephen Curry,Stephen,G,,6.000000:15,1,4,0.25,1,3,0.333,2,2,1.0,1,0,1,1,0,0,1,1,5,-4.0,2,True
537,0022400155,1610612744,GSW,Golden State,201939,Stephen Curry,Stephen,G,,7.000000:16,5,7,0.714,2,3,0.667,3,3,1.0,0,0,0,2,0,0,1,0,15,2.0,3,True
538,0022400155,1610612744,GSW,Golden State,201939,Stephen Curry,Stephen,G,,5.000000:03,0,2,0.0,0,1,0.0,1,1,1.0,0,0,0,0,0,0,0,0,1,4.0,4,True
539,0022400172,1610612744,GSW,Golden State,201939,Stephen Curry,Stephen,G,,9.000000:30,1,2,0.5,0,0,0.0,1,1,1.0,0,1,1,3,0,0,2,0,3,-3.0,1,True
540,0022400172,1610612744,GSW,Golden State,201939,Stephen Curry,Stephen,G,,7.000000:18,1,1,1.0,1,1,1.0,0,0,0.0,0,2,2,3,3,0,1,0,3,7.0,2,True
541,0022400172,1610612744,GSW,Golden State,201939,Stephen Curry,Stephen,G,,9.000000:22,3,6,0.5,2,4,0.5,3,3,1.0,0,2,2,1,0,0,0,1,11,-7.0,3,True
542,0022400172,1610612744,GSW,Golden State,201939,Stephen Curry,Stephen,G,,8.000000:13,3,8,0.375,1,4,0.25,3,3,1.0,0,2,2,2,1,1,0,1,10,10.0,4,True
543,0022400188,1610612744,GSW,Golden State,201939,Stephen Curry,Stephen,G,,8.000000:37,1,3,0.333,0,1,0.0,0,0,0.0,0,0,0,0,1,0,2,0,2,-15.0,1,False
544,0022400188,1610612744,GSW,Golden State,201939,Stephen Curry,Stephen,G,,7.000000:11,2,3,0.667,1,2,0.5,0,0,0.0,0,0,0,0,1,0,2,0,5,-14.0,2,False
545,0022400188,1610612744,GSW,Golden State,201939,Stephen Curry,Stephen,G,,7.000000:58,2,4,0.5,0,1,0.0,1,1,1.0,0,1,1,2,0,0,2,0,5,4.0,3,False
546,0022400207,1610612744,GSW,Golden State,201939,Stephen Curry,Stephen,G,,9.000000:21,2,5,0.4,1,3,0.333,0,0,0.0,1,1,2,2,0,0,1,1,5,-2.0,1,True
547,0022400207,1610612744,GSW,Golden State,201939,Stephen Curry,Stephen,G,,7.000000:53,2,4,0.5,2,2,1.0,0,1,0.0,0,0,0,2,1,0,0,1,6,8.0,2,True
548,0022400207,1610612744,GSW,Golden State,201939,Stephen Curry,Stephen,G,,10.000000:42,7,10,0.7,2,4,0.5,1,1,1.0,0,3,3,2,0,0,1,0,17,21.0,3,True
549,0022400207,1610612744,GSW,Golden State,201939,Stephen Curry,Stephen,G,,8.000000:34,2,4,0.5,2,4,0.5,2,2,1.0,0,0,0,1,0,1,1,0,8,-6.0,4,True
