home_team,away_team,ticket_price,date,day_of_week,time,location,url,game_type,duplicate
Las Vegas Aces,Dallas Wings,20.0,2025-05-02,Friday,19:00,"Purcell Pavilion at the Joyce Center ·  ·  · Notre Dame, IN",/las-vegas-aces-tickets/wnba/2025-05-02-7-pm/17411342,preseason,
Chicago Sky,Brazil Womens Basketball National Team,18.0,2025-05-02,Friday,19:00,"Pete Maravich Assembly Center ·  ·  · Baton Rouge, LA",/chicago-sky-tickets/wnba/2025-05-02-7-pm/17367444,preseason,
Indiana Fever,Washington Mystics,10.0,2025-05-03,Saturday,13:00,"Gainbridge Fieldhouse ·  ·  · Indianapolis, IN",/indiana-fever-tickets/wnba/2025-05-03-1-pm/17317444,preseason,
Indiana Fever,Brazil Womens Basketball National Team,146.0,2025-05-04,Sunday,15:00,"Carver-Hawkeye Arena ·  ·  · Iowa City, IA",/indiana-fever-tickets/wnba/2025-05-04-3-pm/17365932,preseason,
Seattle Storm,Connecticut Sun,8.0,2025-05-04,Sunday,15:00,"Climate Pledge Arena ·  ·  · Seattle, WA",/seattle-storm-tickets/wnba/2025-05-04-3-pm/17429790,preseason,
Chicago Sky,Minnesota Lynx,25.0,2025-05-06,Tuesday,18:00,"Wintrust Arena ·  ·  · Chicago, IL",/chicago-sky-tickets/wnba/2025-05-06-6-pm/17425039,preseason,
Las Vegas Aces,Phoenix Mercury,6.0,2025-05-06,Tuesday,19:00,"Michelob ULTRA Arena at Mandalay Bay Resort & Casino ·  ·  · Las Vegas, NV",/las-vegas-aces-tickets/wnba/2025-05-06-7-pm/17391518,preseason,
Golden State Valkyries,Los Angeles Sparks,26.0,2025-05-06,Tuesday,19:00,"Chase Center ·  ·  · San Francisco, CA",/golden-state-valkyries-tickets/wnba/2025-05-06-7-pm/17392020,preseason,
Washington Mystics,Atlanta Dream,16.0,2025-05-07,Wednesday,11:30,"CareFirst Arena ·  ·  · Washington, DC",/washington-mystics-tickets/wnba/2025-05-07-11-30-am/17324816,preseason,
New York Liberty,Connecticut Sun,25.0,2025-05-09,Friday,19:00,"Barclays Center ·  ·  · Brooklyn, NY",/new-york-liberty-tickets/wnba/2025-05-09-7-pm/17417329,preseason,
Atlanta Dream,Indiana Fever,67.0,2025-05-10,Saturday,15:00,"Gateway Center Arena at College Park ·  ·  · College Park, GA",/atlanta-dream-tickets/wnba/2025-05-10-3-pm/17324814,preseason,
Phoenix Mercury,Golden State Valkyries,19.0,2025-05-11,Sunday,15:00,"PHX Arena ·  ·  · Phoenix, AZ",/phoenix-mercury-tickets/wnba/2025-05-11-3-pm/17409726,preseason,
New York Liberty,Toyota Antelopes,15.0,2025-05-12,Monday,19:00,"Matthew Knight Arena ·  ·  · Eugene, OR",/new-york-liberty-tickets/wnba/2025-05-12-7-pm/17417331,exhibition,
Dallas Wings,Minnesota Lynx,57.0,2025-05-16,Friday,18:30,"College Park Center ·  ·  · Arlington, TX",/dallas-wings-tickets/wnba/2025-05-16-6-30-pm/17290245,regular_season,
Golden State Valkyries,Los Angeles Sparks,109.0,2025-05-16,Friday,19:00,"Chase Center ·  ·  · San Francisco, CA",/golden-state-valkyries-tickets/wnba/2025-05-16-7-pm/17290288,regular_season,
Washington Mystics,Atlanta Dream,27.0,2025-05-16,Friday,19:30,"CareFirst Arena ·  ·  · Washington, DC",/washington-mystics-tickets/wnba/2025-05-16-7-30-pm/17289837,regular_season,
New York Liberty,Las Vegas Aces,83.0,2025-05-17,Saturday,13:00,"Barclays Center ·  ·  · Brooklyn, NY",/new-york-liberty-tickets/wnba/2025-05-17-1-pm/17289838,regular_season,
Indiana Fever,Chicago Sky,65.0,2025-05-17,Saturday,15:00,"Gainbridge Fieldhouse ·  ·  · Indianapolis, IN",/indiana-fever-tickets/wnba/2025-05-17-3-pm/17290332,regular_season,
Phoenix Mercury,Seattle Storm,18.0,2025-05-17,Saturday,19:00,"PHX Arena ·  ·  · Phoenix, AZ",/phoenix-mercury-tickets/wnba/2025-05-17-7-pm/17289840,regular_season,
Connecticut Sun,Washington Mystics,19.0,2025-05-18,Sunday,13:00,"Mohegan Sun Arena ·  ·  · Uncasville, CT",/connecticut-sun-tickets/wnba/2025-05-18-1-pm/17290201,regular_season,
Los Angeles Sparks,Minnesota Lynx,38.0,2025-05-18,Sunday,15:00,"Crypto.com Arena ·  ·  · Los Angeles, CA",/los-angeles-sparks-tickets/wnba/2025-05-18-3-pm/17289839,regular_season,
Dallas Wings,Seattle Storm,42.0,2025-05-19,Monday,19:00,"College Park Center ·  ·  · Arlington, TX",/dallas-wings-tickets/wnba/2025-05-19-7-pm/17290247,regular_season,
Connecticut Sun,Las Vegas Aces,17.0,2025-05-20,Tuesday,19:00,"Mohegan Sun Arena ·  ·  · Uncasville, CT",/connecticut-sun-tickets/wnba/2025-05-20-7-pm/17290203,regular_season,
Indiana Fever,Atlanta Dream,11.0,2025-05-20,Tuesday,19:00,"Gainbridge Fieldhouse ·  ·  · Indianapolis, IN",/indiana-fever-tickets/wnba/2025-05-20-7-pm/17290335,regular_season,
Minnesota Lynx,Dallas Wings,99.0,2025-05-21,Wednesday,19:00,"Target Center ·  ·  · Minneapolis, MN",/minnesota-lynx-tickets/wnba/2025-05-21-7-pm/17289841,regular_season,
Phoenix Mercury,Los Angeles Sparks,16.0,2025-05-21,Wednesday,19:00,"PHX Arena ·  ·  · Phoenix, AZ",/phoenix-mercury-tickets/wnba/2025-05-21-7-pm/17289842,regular_season,
Golden State Valkyries,Washington Mystics,37.0,2025-05-21,Wednesday,19:00,"Chase Center ·  ·  · San Francisco, CA",/golden-state-valkyries-tickets/wnba/2025-05-21-7-pm/17290291,regular_season,
Chicago Sky,New York Liberty,53.0,2025-05-22,Thursday,19:00,"Wintrust Arena ·  ·  · Chicago, IL",/chicago-sky-tickets/wnba/2025-05-22-7-pm/17290157,regular_season,
Atlanta Dream,Indiana Fever,47.0,2025-05-22,Thursday,19:30,"State Farm Arena ·  ·  · Atlanta, GA",/atlanta-dream-tickets/wnba/2025-05-22-7-30-pm/17429237,regular_season,
Minnesota Lynx,Connecticut Sun,104.0,2025-05-23,Friday,18:30,"Target Center ·  ·  · Minneapolis, MN",/minnesota-lynx-tickets/wnba/2025-05-23-6-30-pm/17289850,regular_season,
Seattle Storm,Phoenix Mercury,18.0,2025-05-23,Friday,19:00,"Climate Pledge Arena ·  ·  · Seattle, WA",/seattle-storm-tickets/wnba/2025-05-23-7-pm/17289851,regular_season,
Los Angeles Sparks,Golden State Valkyries,33.0,2025-05-23,Friday,19:00,"Crypto.com Arena ·  ·  · Los Angeles, CA",/los-angeles-sparks-tickets/wnba/2025-05-23-7-pm/17289849,regular_season,
Las Vegas Aces,Washington Mystics,14.0,2025-05-23,Friday,19:00,"Michelob ULTRA Arena at Mandalay Bay Resort & Casino ·  ·  · Las Vegas, NV",/las-vegas-aces-tickets/wnba/2025-05-23-7-pm/17290377,regular_season,
Indiana Fever,New York Liberty,48.0,2025-05-24,Saturday,13:00,"Gainbridge Fieldhouse ·  ·  · Indianapolis, IN",/indiana-fever-tickets/wnba/2025-05-24-1-pm/17290337,regular_season,
Atlanta Dream,Dallas Wings,165.0,2025-05-24,Saturday,15:00,"Gateway Center Arena at College Park ·  ·  · College Park, GA",/atlanta-dream-tickets/wnba/2025-05-24-3-pm/17290117,regular_season,
Phoenix Mercury,Washington Mystics,15.0,2025-05-25,Sunday,15:00,"PHX Arena ·  ·  · Phoenix, AZ",/phoenix-mercury-tickets/wnba/2025-05-25-3-pm/17289853,regular_season,
Seattle Storm,Las Vegas Aces,20.0,2025-05-25,Sunday,15:00,"Climate Pledge Arena ·  ·  · Seattle, WA",/seattle-storm-tickets/wnba/2025-05-25-3-pm/17289854,regular_season,
Los Angeles Sparks,Chicago Sky,53.0,2025-05-25,Sunday,15:00,"Crypto.com Arena ·  ·  · Los Angeles, CA",/los-angeles-sparks-tickets/wnba/2025-05-25-3-pm/17289852,regular_season,
Atlanta Dream,Connecticut Sun,25.0,2025-05-25,Sunday,15:00,"Gateway Center Arena at College Park ·  ·  · College Park, GA",/atlanta-dream-tickets/wnba/2025-05-25-3-pm/17290115,regular_season,
New York Liberty,Golden State Valkyries,21.0,2025-05-27,Tuesday,19:00,"Barclays Center ·  ·  · Brooklyn, NY",/new-york-liberty-tickets/wnba/2025-05-27-7-pm/17289863,regular_season,
Connecticut Sun,Dallas Wings,86.0,2025-05-27,Tuesday,19:00,"Mohegan Sun Arena ·  ·  · Uncasville, CT",/connecticut-sun-tickets/wnba/2025-05-27-7-pm/17290204,regular_season,
Los Angeles Sparks,Atlanta Dream,24.0,2025-05-27,Tuesday,19:00,"Crypto.com Arena ·  ·  · Los Angeles, CA",/los-angeles-sparks-tickets/wnba/2025-05-27-7-pm/17289861,regular_season,
Phoenix Mercury,Chicago Sky,28.0,2025-05-27,Tuesday,19:00,"PHX Arena ·  ·  · Phoenix, AZ",/phoenix-mercury-tickets/wnba/2025-05-27-7-pm/17289867,regular_season,
Minnesota Lynx,Seattle Storm,97.0,2025-05-27,Tuesday,19:00,"Target Center ·  ·  · Minneapolis, MN",/minnesota-lynx-tickets/wnba/2025-05-27-7-pm/17289862,regular_season,
Washington Mystics,Indiana Fever,124.0,2025-05-28,Wednesday,19:30,"CFG Bank Arena ·  ·  · Baltimore, MD",/washington-mystics-tickets/wnba/2025-05-28-7-30-pm/17289868,regular_season,
New York Liberty,Golden State Valkyries,19.0,2025-05-29,Thursday,19:00,"Barclays Center ·  ·  · Brooklyn, NY",/new-york-liberty-tickets/wnba/2025-05-29-7-pm/17289869,regular_season,
Chicago Sky,Dallas Wings,90.0,2025-05-29,Thursday,19:00,"Wintrust Arena ·  ·  · Chicago, IL",/chicago-sky-tickets/wnba/2025-05-29-7-pm/17290156,regular_season,
Las Vegas Aces,Los Angeles Sparks,22.0,2025-05-30,Friday,19:00,"Michelob ULTRA Arena at Mandalay Bay Resort & Casino ·  ·  · Las Vegas, NV",/las-vegas-aces-tickets/wnba/2025-05-30-7-pm/17290378,regular_season,
Phoenix Mercury,Minnesota Lynx,8.0,2025-05-30,Friday,19:00,"PHX Arena ·  ·  · Phoenix, AZ",/phoenix-mercury-tickets/wnba/2025-05-30-7-pm/17289873,regular_season,
Seattle Storm,Atlanta Dream,18.0,2025-05-30,Friday,19:00,"Climate Pledge Arena ·  ·  · Seattle, WA",/seattle-storm-tickets/wnba/2025-05-30-7-pm/17289874,regular_season,
Indiana Fever,Connecticut Sun,21.0,2025-05-30,Friday,19:30,"Gainbridge Fieldhouse ·  ·  · Indianapolis, IN",/indiana-fever-tickets/wnba/2025-05-30-7-30-pm/17290338,regular_season,
Washington Mystics,New York Liberty,40.0,2025-05-30,Friday,19:30,"CareFirst Arena ·  ·  · Washington, DC",/washington-mystics-tickets/wnba/2025-05-30-7-30-pm/17289876,regular_season,
Dallas Wings,Chicago Sky,89.0,2025-05-31,Saturday,19:00,"College Park Center ·  ·  · Arlington, TX",/dallas-wings-tickets/wnba/2025-05-31-7-pm/17290248,regular_season,
Seattle Storm,Las Vegas Aces,20.0,2025-06-01,Sunday,15:00,"Climate Pledge Arena ·  ·  · Seattle, WA",/seattle-storm-tickets/wnba/2025-06-01-3-pm/17289881,commissioners_cup,
Los Angeles Sparks,Phoenix Mercury,32.0,2025-06-01,Sunday,15:00,"Crypto.com Arena ·  ·  · Los Angeles, CA",/los-angeles-sparks-tickets/wnba/2025-06-01-3-pm/17289879,commissioners_cup,
New York Liberty,Connecticut Sun,36.0,2025-06-01,Sunday,15:00,"Barclays Center ·  ·  · Brooklyn, NY",/new-york-liberty-tickets/wnba/2025-06-01-3-pm/17289880,commissioners_cup,
Golden State Valkyries,Minnesota Lynx,34.0,2025-06-01,Sunday,17:30,"Chase Center ·  ·  · San Francisco, CA",/golden-state-valkyries-tickets/wnba/2025-06-01-5-30-pm/17290293,commissioners_cup,
Seattle Storm,Dallas Wings,47.0,2025-06-03,Tuesday,18:30,"Climate Pledge Arena ·  ·  · Seattle, WA",/seattle-storm-tickets/wnba/2025-06-03-6-30-pm/17289887,commissioners_cup,
Indiana Fever,Washington Mystics,14.0,2025-06-03,Tuesday,19:00,"Gainbridge Fieldhouse ·  ·  · Indianapolis, IN",/indiana-fever-tickets/wnba/2025-06-03-7-pm/17290339,commissioners_cup,
Minnesota Lynx,Phoenix Mercury,102.0,2025-06-03,Tuesday,19:00,"Target Center ·  ·  · Minneapolis, MN",/minnesota-lynx-tickets/wnba/2025-06-03-7-pm/17289885,commissioners_cup,
Phoenix Mercury,Golden State Valkyries,11.0,2025-06-05,Thursday,19:00,"PHX Arena ·  ·  · Phoenix, AZ",/phoenix-mercury-tickets/wnba/2025-06-05-7-pm/17289888,commissioners_cup,
Washington Mystics,New York Liberty,65.0,2025-06-05,Thursday,19:30,"CareFirst Arena ·  ·  · Washington, DC",/washington-mystics-tickets/wnba/2025-06-05-7-30-pm/17289891,commissioners_cup,
Connecticut Sun,Atlanta Dream,14.0,2025-06-06,Friday,19:30,"Mohegan Sun Arena ·  ·  · Uncasville, CT",/connecticut-sun-tickets/wnba/2025-06-06-7-30-pm/17290205,commissioners_cup,
Dallas Wings,Los Angeles Sparks,60.0,2025-06-06,Friday,20:30,"College Park Center ·  ·  · Arlington, TX",/dallas-wings-tickets/wnba/2025-06-06-8-30-pm/17290249,commissioners_cup,
Golden State Valkyries,Las Vegas Aces,53.0,2025-06-07,Saturday,12:00,"Chase Center ·  ·  · San Francisco, CA",/golden-state-valkyries-tickets/wnba/2025-06-07-12-pm/17290295,commissioners_cup,
Phoenix Mercury,Seattle Storm,18.0,2025-06-07,Saturday,19:00,"PHX Arena ·  ·  · Phoenix, AZ",/phoenix-mercury-tickets/wnba/2025-06-07-7-pm/17289893,commissioners_cup,
Chicago Sky,Indiana Fever,77.0,2025-06-07,Saturday,19:00,"United Center ·  ·  · Chicago, IL",/chicago-sky-tickets/wnba/2025-06-07-7-pm/17290160,commissioners_cup,
Dallas Wings,Minnesota Lynx,51.0,2025-06-08,Sunday,15:00,"College Park Center ·  ·  · Arlington, TX",/dallas-wings-tickets/wnba/2025-06-08-3-pm/17290250,commissioners_cup,
Washington Mystics,Connecticut Sun,50.0,2025-06-08,Sunday,15:00,"CareFirst Arena ·  ·  · Washington, DC",/washington-mystics-tickets/wnba/2025-06-08-3-pm/17289894,commissioners_cup,
Los Angeles Sparks,Golden State Valkyries,28.0,2025-06-09,Monday,19:00,"Crypto.com Arena ·  ·  · Los Angeles, CA",/los-angeles-sparks-tickets/wnba/2025-06-09-7-pm/17289896,commissioners_cup,
Atlanta Dream,Indiana Fever,140.0,2025-06-10,Tuesday,19:30,"Gateway Center Arena at College Park ·  ·  · College Park, GA",/atlanta-dream-tickets/wnba/2025-06-10-7-30-pm/17290119,commissioners_cup,
New York Liberty,Chicago Sky,43.0,2025-06-10,Tuesday,20:00,"Barclays Center ·  ·  · Brooklyn, NY",/new-york-liberty-tickets/wnba/2025-06-10-8-pm/17289900,commissioners_cup,
Seattle Storm,Minnesota Lynx,16.0,2025-06-11,Wednesday,19:00,"Climate Pledge Arena ·  ·  · Seattle, WA",/seattle-storm-tickets/wnba/2025-06-11-7-pm/17289901,commissioners_cup,
Las Vegas Aces,Los Angeles Sparks,10.0,2025-06-11,Wednesday,19:00,"Michelob ULTRA Arena at Mandalay Bay Resort & Casino ·  ·  · Las Vegas, NV",/las-vegas-aces-tickets/wnba/2025-06-11-7-pm/17290380,commissioners_cup,
Phoenix Mercury,Dallas Wings,36.0,2025-06-11,Wednesday,19:00,"PHX Arena ·  ·  · Phoenix, AZ",/phoenix-mercury-tickets/wnba/2025-06-11-7-pm/17289899,commissioners_cup,
Las Vegas Aces,Dallas Wings,32.0,2025-06-13,Friday,19:00,"Michelob ULTRA Arena at Mandalay Bay Resort & Casino ·  ·  · Las Vegas, NV",/las-vegas-aces-tickets/wnba/2025-06-13-7-pm/17290383,commissioners_cup,
Atlanta Dream,Chicago Sky,76.0,2025-06-13,Friday,19:30,"Gateway Center Arena at College Park ·  ·  · College Park, GA",/atlanta-dream-tickets/wnba/2025-06-13-7-30-pm/17290116,commissioners_cup,
Minnesota Lynx,Los Angeles Sparks,86.0,2025-06-14,Saturday,12:00,"Target Center ·  ·  · Minneapolis, MN",/minnesota-lynx-tickets/wnba/2025-06-14-12-pm/17289905,commissioners_cup,
Indiana Fever,New York Liberty,42.0,2025-06-14,Saturday,15:00,"Gainbridge Fieldhouse ·  ·  · Indianapolis, IN",/indiana-fever-tickets/wnba/2025-06-14-3-pm/17290343,commissioners_cup,
Golden State Valkyries,Seattle Storm,33.0,2025-06-14,Saturday,17:30,"Chase Center ·  ·  · San Francisco, CA",/golden-state-valkyries-tickets/wnba/2025-06-14-5-30-pm/17290297,commissioners_cup,
Connecticut Sun,Chicago Sky,21.0,2025-06-15,Sunday,12:00,"Mohegan Sun Arena ·  ·  · Uncasville, CT",/connecticut-sun-tickets/wnba/2025-06-15-12-pm/17290209,commissioners_cup,
Washington Mystics,Atlanta Dream,62.0,2025-06-15,Sunday,15:00,"CareFirst Arena ·  ·  · Washington, DC",/washington-mystics-tickets/wnba/2025-06-15-3-pm/17289906,commissioners_cup,
Las Vegas Aces,Phoenix Mercury,11.0,2025-06-15,Sunday,15:00,"Michelob ULTRA Arena at Mandalay Bay Resort & Casino ·  ·  · Las Vegas, NV",/las-vegas-aces-tickets/wnba/2025-06-15-3-pm/17290384,commissioners_cup,
Chicago Sky,Washington Mystics,31.0,2025-06-17,Tuesday,19:00,"Wintrust Arena ·  ·  · Chicago, IL",/chicago-sky-tickets/wnba/2025-06-17-7-pm/17290163,commissioners_cup,
Indiana Fever,Connecticut Sun,12.0,2025-06-17,Tuesday,19:00,"Gainbridge Fieldhouse ·  ·  · Indianapolis, IN",/indiana-fever-tickets/wnba/2025-06-17-7-pm/17290344,commissioners_cup,
Minnesota Lynx,Las Vegas Aces,91.0,2025-06-17,Tuesday,19:00,"Target Center ·  ·  · Minneapolis, MN",/minnesota-lynx-tickets/wnba/2025-06-17-7-pm/17289910,commissioners_cup,
Los Angeles Sparks,Seattle Storm,29.0,2025-06-17,Tuesday,19:00,"Crypto.com Arena ·  ·  · Los Angeles, CA",/los-angeles-sparks-tickets/wnba/2025-06-17-7-pm/17289907,commissioners_cup,
New York Liberty,Atlanta Dream,20.0,2025-06-17,Tuesday,19:00,"Barclays Center ·  ·  · Brooklyn, NY",/new-york-liberty-tickets/wnba/2025-06-17-7-pm/17289911,commissioners_cup,
Dallas Wings,Golden State Valkyries,58.0,2025-06-17,Tuesday,19:00,"College Park Center ·  ·  · Arlington, TX",/dallas-wings-tickets/wnba/2025-06-17-7-pm/17290255,commissioners_cup,
Connecticut Sun,Phoenix Mercury,21.0,2025-06-18,Wednesday,19:00,"Mohegan Sun Arena ·  ·  · Uncasville, CT",/connecticut-sun-tickets/wnba/2025-06-18-7-pm/17290211,regular_season,
New York Liberty,Phoenix Mercury,16.0,2025-06-19,Thursday,19:00,"Barclays Center ·  ·  · Brooklyn, NY",/new-york-liberty-tickets/wnba/2025-06-19-7-pm/17289913,regular_season,
Golden State Valkyries,Indiana Fever,147.0,2025-06-19,Thursday,19:00,"Chase Center ·  ·  · San Francisco, CA",/golden-state-valkyries-tickets/wnba/2025-06-19-7-pm/17290298,regular_season,
Las Vegas Aces,Seattle Storm,10.0,2025-06-20,Friday,19:00,"Michelob ULTRA Arena at Mandalay Bay Resort & Casino ·  ·  · Las Vegas, NV",/las-vegas-aces-tickets/wnba/2025-06-20-7-pm/17290385,regular_season,
Connecticut Sun,Dallas Wings,85.0,2025-06-20,Friday,19:30,"Mohegan Sun Arena ·  ·  · Uncasville, CT",/connecticut-sun-tickets/wnba/2025-06-20-7-30-pm/17290213,regular_season,
Atlanta Dream,Washington Mystics,46.0,2025-06-20,Friday,19:30,"Gateway Center Arena at College Park ·  ·  · College Park, GA",/atlanta-dream-tickets/wnba/2025-06-20-7-30-pm/17290118,regular_season,
Chicago Sky,Phoenix Mercury,39.0,2025-06-21,Saturday,12:00,"Wintrust Arena ·  ·  · Chicago, IL",/chicago-sky-tickets/wnba/2025-06-21-12-pm/17290164,regular_season,
Minnesota Lynx,Los Angeles Sparks,95.0,2025-06-21,Saturday,19:00,"Target Center ·  ·  · Minneapolis, MN",/minnesota-lynx-tickets/wnba/2025-06-21-7-pm/17289917,regular_season,
Las Vegas Aces,Indiana Fever,82.0,2025-06-22,Sunday,12:00,"T-Mobile Arena ·  ·  · Las Vegas, NV",/las-vegas-aces-tickets/wnba/2025-06-22-12-pm/17391516,regular_season,
Washington Mystics,Dallas Wings,259.0,2025-06-22,Sunday,15:00,"CareFirst Arena ·  ·  · Washington, DC",/washington-mystics-tickets/wnba/2025-06-22-3-pm/17289921,regular_season,
Atlanta Dream,Chicago Sky,77.0,2025-06-22,Sunday,15:00,"Gateway Center Arena at College Park ·  ·  · College Park, GA",/atlanta-dream-tickets/wnba/2025-06-22-3-pm/17290120,regular_season,
Seattle Storm,New York Liberty,33.0,2025-06-22,Sunday,16:00,"Climate Pledge Arena ·  ·  · Seattle, WA",/seattle-storm-tickets/wnba/2025-06-22-4-pm/17289918,regular_season,
Golden State Valkyries,Connecticut Sun,33.0,2025-06-22,Sunday,17:30,"Chase Center ·  ·  · San Francisco, CA",/golden-state-valkyries-tickets/wnba/2025-06-22-5-30-pm/17290300,regular_season,
Chicago Sky,Los Angeles Sparks,47.0,2025-06-24,Tuesday,19:00,"Wintrust Arena ·  ·  · Chicago, IL",/chicago-sky-tickets/wnba/2025-06-24-7-pm/17290167,regular_season,
Dallas Wings,Atlanta Dream,58.0,2025-06-24,Tuesday,19:00,"College Park Center ·  ·  · Arlington, TX",/dallas-wings-tickets/wnba/2025-06-24-7-pm/17290256,regular_season,
Seattle Storm,Indiana Fever,80.0,2025-06-24,Tuesday,19:00,"Climate Pledge Arena ·  ·  · Seattle, WA",/seattle-storm-tickets/wnba/2025-06-24-7-pm/17289922,regular_season,
Washington Mystics,Minnesota Lynx,35.0,2025-06-24,Tuesday,20:00,"CareFirst Arena ·  ·  · Washington, DC",/washington-mystics-tickets/wnba/2025-06-24-8-pm/17289923,regular_season,
Las Vegas Aces,Connecticut Sun,9.0,2025-06-25,Wednesday,19:00,"Michelob ULTRA Arena at Mandalay Bay Resort & Casino ·  ·  · Las Vegas, NV",/las-vegas-aces-tickets/wnba/2025-06-25-7-pm/17290390,regular_season,
Golden State Valkyries,New York Liberty,46.0,2025-06-25,Wednesday,19:00,"Chase Center ·  ·  · San Francisco, CA",/golden-state-valkyries-tickets/wnba/2025-06-25-7-pm/17290303,regular_season,
Indiana Fever,Los Angeles Sparks,19.0,2025-06-26,Thursday,19:00,"Gainbridge Fieldhouse ·  ·  · Indianapolis, IN",/indiana-fever-tickets/wnba/2025-06-26-7-pm/17290346,regular_season,
Las Vegas Aces,Washington Mystics,10.0,2025-06-26,Thursday,19:00,"Michelob ULTRA Arena at Mandalay Bay Resort & Casino ·  ·  · Las Vegas, NV",/las-vegas-aces-tickets/wnba/2025-06-26-7-pm/17290393,regular_season,
Dallas Wings,Indiana Fever,143.0,2025-06-27,Friday,18:30,"American Airlines Center ·  ·  · Dallas, TX",/dallas-wings-tickets/wnba/2025-06-27-6-30-pm/17290259,regular_season,
Seattle Storm,Connecticut Sun,19.0,2025-06-27,Friday,19:00,"Climate Pledge Arena ·  ·  · Seattle, WA",/seattle-storm-tickets/wnba/2025-06-27-7-pm/17289929,regular_season,
Golden State Valkyries,Chicago Sky,54.0,2025-06-27,Friday,19:00,"Chase Center ·  ·  · San Francisco, CA",/golden-state-valkyries-tickets/wnba/2025-06-27-7-pm/17290305,regular_season,
Phoenix Mercury,New York Liberty,13.0,2025-06-27,Friday,19:00,"PHX Arena ·  ·  · Phoenix, AZ",/phoenix-mercury-tickets/wnba/2025-06-27-7-pm/17289925,regular_season,
Atlanta Dream,Minnesota Lynx,37.0,2025-06-27,Friday,19:30,"Gateway Center Arena at College Park ·  ·  · College Park, GA",/atlanta-dream-tickets/wnba/2025-06-27-7-30-pm/17290127,regular_season,
Dallas Wings,Washington Mystics,65.0,2025-06-28,Saturday,19:00,"College Park Center ·  ·  · Arlington, TX",/dallas-wings-tickets/wnba/2025-06-28-7-pm/17290260,regular_season,
Los Angeles Sparks,Chicago Sky,70.0,2025-06-29,Sunday,15:00,"Crypto.com Arena ·  ·  · Los Angeles, CA",/los-angeles-sparks-tickets/wnba/2025-06-29-3-pm/17289930,regular_season,
Atlanta Dream,New York Liberty,48.0,2025-06-29,Sunday,15:00,"Gateway Center Arena at College Park ·  ·  · College Park, GA",/atlanta-dream-tickets/wnba/2025-06-29-3-pm/17290130,regular_season,
Phoenix Mercury,Las Vegas Aces,18.0,2025-06-29,Sunday,15:00,"PHX Arena ·  ·  · Phoenix, AZ",/phoenix-mercury-tickets/wnba/2025-06-29-3-pm/17289934,regular_season,
Golden State Valkyries,Seattle Storm,38.0,2025-06-29,Sunday,17:30,"Chase Center ·  ·  · San Francisco, CA",/golden-state-valkyries-tickets/wnba/2025-06-29-5-30-pm/17290306,regular_season,
Minnesota Lynx,Connecticut Sun,76.0,2025-06-29,Sunday,18:00,"Target Center ·  ·  · Minneapolis, MN",/minnesota-lynx-tickets/wnba/2025-06-29-6-pm/17289931,regular_season,
Dallas Wings,Phoenix Mercury,60.0,2025-07-03,Thursday,19:00,"College Park Center ·  ·  · Arlington, TX",/dallas-wings-tickets/wnba/2025-07-03-7-pm/17290261,regular_season,
Indiana Fever,Las Vegas Aces,34.0,2025-07-03,Thursday,19:00,"Gainbridge Fieldhouse ·  ·  · Indianapolis, IN",/indiana-fever-tickets/wnba/2025-07-03-7-pm/17290349,regular_season,
Minnesota Lynx,Washington Mystics,102.0,2025-07-03,Thursday,19:00,"Target Center ·  ·  · Minneapolis, MN",/minnesota-lynx-tickets/wnba/2025-07-03-7-pm/17289933,regular_season,
New York Liberty,Los Angeles Sparks,23.0,2025-07-03,Thursday,19:00,"Barclays Center ·  ·  · Brooklyn, NY",/new-york-liberty-tickets/wnba/2025-07-03-7-pm/17289936,regular_season,
Atlanta Dream,Seattle Storm,41.0,2025-07-03,Thursday,19:30,"Gateway Center Arena at College Park ·  ·  · College Park, GA",/atlanta-dream-tickets/wnba/2025-07-03-7-30-pm/17290129,regular_season,
Indiana Fever,Los Angeles Sparks,32.0,2025-07-05,Saturday,19:00,"Gainbridge Fieldhouse ·  ·  · Indianapolis, IN",/indiana-fever-tickets/wnba/2025-07-05-7-pm/17290350,regular_season,
Minnesota Lynx,Golden State Valkyries,111.0,2025-07-05,Saturday,19:00,"Target Center ·  ·  · Minneapolis, MN",/minnesota-lynx-tickets/wnba/2025-07-05-7-pm/17289941,regular_season,
New York Liberty,Seattle Storm,16.0,2025-07-06,Sunday,15:00,"Barclays Center ·  ·  · Brooklyn, NY",/new-york-liberty-tickets/wnba/2025-07-06-3-pm/17289943,regular_season,
Connecticut Sun,Las Vegas Aces,25.0,2025-07-06,Sunday,16:00,"Mohegan Sun Arena ·  ·  · Uncasville, CT",/connecticut-sun-tickets/wnba/2025-07-06-4-pm/17290214,regular_season,
Minnesota Lynx,Chicago Sky,126.0,2025-07-06,Sunday,18:00,"Target Center ·  ·  · Minneapolis, MN",/minnesota-lynx-tickets/wnba/2025-07-06-6-pm/17289942,regular_season,
Phoenix Mercury,Dallas Wings,33.0,2025-07-07,Monday,19:00,"PHX Arena ·  ·  · Phoenix, AZ",/phoenix-mercury-tickets/wnba/2025-07-07-7-pm/17289944,regular_season,
Atlanta Dream,Golden State Valkyries,27.0,2025-07-07,Monday,19:30,"Gateway Center Arena at College Park ·  ·  · College Park, GA",/atlanta-dream-tickets/wnba/2025-07-07-7-30-pm/17290128,regular_season,
Washington Mystics,Chicago Sky,132.0,2025-07-08,Tuesday,11:30,"EagleBank Arena ·  ·  · Fairfax, VA",/washington-mystics-tickets/wnba/2025-07-08-11-30-am/17289950,regular_season,
New York Liberty,Las Vegas Aces,37.0,2025-07-08,Tuesday,20:00,"Barclays Center ·  ·  · Brooklyn, NY",/new-york-liberty-tickets/wnba/2025-07-08-8-pm/17289945,regular_season,
Connecticut Sun,Seattle Storm,12.0,2025-07-09,Wednesday,11:00,"Mohegan Sun Arena ·  ·  · Uncasville, CT",/connecticut-sun-tickets/wnba/2025-07-09-11-am/17290216,regular_season,
Indiana Fever,Golden State Valkyries,32.0,2025-07-09,Wednesday,12:00,"Gainbridge Fieldhouse ·  ·  · Indianapolis, IN",/indiana-fever-tickets/wnba/2025-07-09-12-pm/17290352,regular_season,
Phoenix Mercury,Minnesota Lynx,15.0,2025-07-09,Wednesday,12:30,"PHX Arena ·  ·  · Phoenix, AZ",/phoenix-mercury-tickets/wnba/2025-07-09-12-30-pm/17289953,regular_season,
Chicago Sky,Dallas Wings,87.0,2025-07-09,Wednesday,19:00,"Wintrust Arena ·  ·  · Chicago, IL",/chicago-sky-tickets/wnba/2025-07-09-7-pm/17290169,regular_season,
Los Angeles Sparks,Minnesota Lynx,17.0,2025-07-10,Thursday,12:00,"Crypto.com Arena ·  ·  · Los Angeles, CA",/los-angeles-sparks-tickets/wnba/2025-07-10-12-pm/17289954,regular_season,
Washington Mystics,Las Vegas Aces,44.0,2025-07-10,Thursday,19:30,"CareFirst Arena ·  ·  · Washington, DC",/washington-mystics-tickets/wnba/2025-07-10-7-30-pm/17289955,regular_season,True
Seattle Storm,Connecticut Sun,11.0,2025-07-11,Friday,19:00,"Climate Pledge Arena ·  ·  · Seattle, WA",/seattle-storm-tickets/wnba/2025-07-11-7-pm/17289958,regular_season,
Indiana Fever,Atlanta Dream,24.0,2025-07-11,Friday,19:30,"Gainbridge Fieldhouse ·  ·  · Indianapolis, IN",/indiana-fever-tickets/wnba/2025-07-11-7-30-pm/17290355,regular_season,
Chicago Sky,Minnesota Lynx,39.0,2025-07-12,Saturday,12:00,"Wintrust Arena ·  ·  · Chicago, IL",/chicago-sky-tickets/wnba/2025-07-12-12-pm/17290171,regular_season,
Las Vegas Aces,Golden State Valkyries,20.0,2025-07-12,Saturday,13:00,"Michelob ULTRA Arena at Mandalay Bay Resort & Casino ·  ·  · Las Vegas, NV",/las-vegas-aces-tickets/wnba/2025-07-12-1-pm/17290395,regular_season,
Indiana Fever,Dallas Wings,54.0,2025-07-13,Sunday,13:00,"Gainbridge Fieldhouse ·  ·  · Indianapolis, IN",/indiana-fever-tickets/wnba/2025-07-13-1-pm/17290356,regular_season,
Seattle Storm,Washington Mystics,16.0,2025-07-13,Sunday,15:00,"Climate Pledge Arena ·  ·  · Seattle, WA",/seattle-storm-tickets/wnba/2025-07-13-3-pm/17289965,regular_season,
New York Liberty,Atlanta Dream,20.0,2025-07-13,Sunday,15:00,"Barclays Center ·  ·  · Brooklyn, NY",/new-york-liberty-tickets/wnba/2025-07-13-3-pm/17289961,regular_season,
Los Angeles Sparks,Connecticut Sun,28.0,2025-07-13,Sunday,15:00,"Crypto.com Arena ·  ·  · Los Angeles, CA",/los-angeles-sparks-tickets/wnba/2025-07-13-3-pm/17289960,regular_season,
Golden State Valkyries,Phoenix Mercury,31.0,2025-07-14,Monday,19:00,"Chase Center ·  ·  · San Francisco, CA",/golden-state-valkyries-tickets/wnba/2025-07-14-7-pm/17290309,regular_season,
Chicago Sky,Minnesota Lynx,47.0,2025-07-14,Monday,19:00,"Wintrust Arena ·  ·  · Chicago, IL",/chicago-sky-tickets/wnba/2025-07-14-7-pm/17290172,regular_season,
Los Angeles Sparks,Washington Mystics,23.0,2025-07-15,Tuesday,19:00,"Crypto.com Arena ·  ·  · Los Angeles, CA",/los-angeles-sparks-tickets/wnba/2025-07-15-7-pm/17289966,regular_season,
Connecticut Sun,Indiana Fever,129.0,2025-07-15,Tuesday,20:00,"TD Garden ·  ·  · Boston, MA",/connecticut-sun-tickets/wnba/2025-07-15-8-pm/17293007,regular_season,
Chicago Sky,Atlanta Dream,32.0,2025-07-16,Wednesday,11:00,"Wintrust Arena ·  ·  · Chicago, IL",/chicago-sky-tickets/wnba/2025-07-16-11-am/17290173,regular_season,
Minnesota Lynx,Phoenix Mercury,114.0,2025-07-16,Wednesday,12:00,"Target Center ·  ·  · Minneapolis, MN",/minnesota-lynx-tickets/wnba/2025-07-16-12-pm/17289967,regular_season,
Seattle Storm,Golden State Valkyries,23.0,2025-07-16,Wednesday,12:00,"Climate Pledge Arena ·  ·  · Seattle, WA",/seattle-storm-tickets/wnba/2025-07-16-12-pm/17289972,regular_season,
Dallas Wings,Las Vegas Aces,63.0,2025-07-16,Wednesday,19:00,"College Park Center ·  ·  · Arlington, TX",/dallas-wings-tickets/wnba/2025-07-16-7-pm/17290263,regular_season,
New York Liberty,Indiana Fever,120.0,2025-07-16,Wednesday,19:30,"Barclays Center ·  ·  · Brooklyn, NY",/new-york-liberty-tickets/wnba/2025-07-16-7-30-pm/17289971,regular_season,
,,120.0,2025-07-18,Friday,20:00,"Gainbridge Fieldhouse ·  ·  · Indianapolis, IN",/wnba-all-star-game-tickets/wnba/2025-07-18-8-pm/17476010,all_star,
,,288.0,2025-07-19,Saturday,20:30,"Gainbridge Fieldhouse ·  ·  · Indianapolis, IN",/wnba-all-star-game-tickets/wnba/2025-07-19-8-30-pm/17235018,all_star,
Las Vegas Aces,Atlanta Dream,8.0,2025-07-22,Tuesday,19:00,"Michelob ULTRA Arena at Mandalay Bay Resort & Casino ·  ·  · Las Vegas, NV",/las-vegas-aces-tickets/wnba/2025-07-22-7-pm/17290396,regular_season,
Seattle Storm,Dallas Wings,44.0,2025-07-22,Tuesday,19:00,"Climate Pledge Arena ·  ·  · Seattle, WA",/seattle-storm-tickets/wnba/2025-07-22-7-pm/17289978,regular_season,
Minnesota Lynx,Chicago Sky,113.0,2025-07-22,Tuesday,19:00,"Target Center ·  ·  · Minneapolis, MN",/minnesota-lynx-tickets/wnba/2025-07-22-7-pm/17289973,regular_season,
Washington Mystics,Los Angeles Sparks,32.0,2025-07-22,Tuesday,19:30,"CareFirst Arena ·  ·  · Washington, DC",/washington-mystics-tickets/wnba/2025-07-22-7-30-pm/17289981,regular_season,
New York Liberty,Indiana Fever,120.0,2025-07-22,Tuesday,20:00,"Barclays Center ·  ·  · Brooklyn, NY",/new-york-liberty-tickets/wnba/2025-07-22-8-pm/17289977,regular_season,
Phoenix Mercury,Atlanta Dream,11.0,2025-07-23,Wednesday,19:00,"PHX Arena ·  ·  · Phoenix, AZ",/phoenix-mercury-tickets/wnba/2025-07-23-7-pm/17289983,regular_season,
Indiana Fever,Las Vegas Aces,26.0,2025-07-24,Thursday,19:00,"Gainbridge Fieldhouse ·  ·  · Indianapolis, IN",/indiana-fever-tickets/wnba/2025-07-24-7-pm/17290358,regular_season,
Connecticut Sun,Los Angeles Sparks,13.0,2025-07-24,Thursday,19:00,"Mohegan Sun Arena ·  ·  · Uncasville, CT",/connecticut-sun-tickets/wnba/2025-07-24-7-pm/17290221,regular_season,
Chicago Sky,Seattle Storm,23.0,2025-07-24,Thursday,19:30,"Wintrust Arena ·  ·  · Chicago, IL",/chicago-sky-tickets/wnba/2025-07-24-7-30-pm/17290177,regular_season,
Minnesota Lynx,Las Vegas Aces,121.0,2025-07-25,Friday,18:30,"Target Center ·  ·  · Minneapolis, MN",/minnesota-lynx-tickets/wnba/2025-07-25-6-30-pm/17289984,regular_season,
Golden State Valkyries,Dallas Wings,56.0,2025-07-25,Friday,19:00,"Chase Center ·  ·  · San Francisco, CA",/golden-state-valkyries-tickets/wnba/2025-07-25-7-pm/17290310,regular_season,
New York Liberty,Phoenix Mercury,22.0,2025-07-25,Friday,19:30,"Barclays Center ·  ·  · Brooklyn, NY",/new-york-liberty-tickets/wnba/2025-07-25-7-30-pm/17289986,regular_season,
New York Liberty,Los Angeles Sparks,16.0,2025-07-26,Saturday,19:00,"Barclays Center ·  ·  · Brooklyn, NY",/new-york-liberty-tickets/wnba/2025-07-26-7-pm/17289989,regular_season,
Washington Mystics,Seattle Storm,51.0,2025-07-26,Saturday,19:30,"CareFirst Arena ·  ·  · Washington, DC",/washington-mystics-tickets/wnba/2025-07-26-7-30-pm/17289991,regular_season,
Connecticut Sun,Golden State Valkyries,20.0,2025-07-27,Sunday,13:00,"Mohegan Sun Arena ·  ·  · Uncasville, CT",/connecticut-sun-tickets/wnba/2025-07-27-1-pm/17290223,regular_season,
Chicago Sky,Indiana Fever,63.0,2025-07-27,Sunday,14:00,"United Center ·  ·  · Chicago, IL",/chicago-sky-tickets/wnba/2025-07-27-2-pm/17290179,regular_season,
Dallas Wings,Las Vegas Aces,69.0,2025-07-27,Sunday,15:00,"College Park Center ·  ·  · Arlington, TX",/dallas-wings-tickets/wnba/2025-07-27-3-pm/17290267,regular_season,
Minnesota Lynx,Atlanta Dream,97.0,2025-07-27,Sunday,18:00,"Target Center ·  ·  · Minneapolis, MN",/minnesota-lynx-tickets/wnba/2025-07-27-6-pm/17289993,regular_season,
Washington Mystics,Phoenix Mercury,47.0,2025-07-27,Sunday,18:00,"CareFirst Arena ·  ·  · Washington, DC",/washington-mystics-tickets/wnba/2025-07-27-6-pm/17289995,regular_season,
Dallas Wings,New York Liberty,58.0,2025-07-28,Monday,19:00,"College Park Center ·  ·  · Arlington, TX",/dallas-wings-tickets/wnba/2025-07-28-7-pm/17290268,regular_season,
Connecticut Sun,Seattle Storm,12.0,2025-07-28,Monday,19:00,"Mohegan Sun Arena ·  ·  · Uncasville, CT",/connecticut-sun-tickets/wnba/2025-07-28-7-pm/17290225,regular_season,
Los Angeles Sparks,Las Vegas Aces,38.0,2025-07-29,Tuesday,19:00,"Crypto.com Arena ·  ·  · Los Angeles, CA",/los-angeles-sparks-tickets/wnba/2025-07-29-7-pm/17289997,regular_season,
Washington Mystics,Chicago Sky,69.0,2025-07-29,Tuesday,19:30,"CareFirst Arena ·  ·  · Washington, DC",/washington-mystics-tickets/wnba/2025-07-29-7-30-pm/17289998,regular_season,
Atlanta Dream,Golden State Valkyries,35.0,2025-07-29,Tuesday,19:30,"Gateway Center Arena at College Park ·  ·  · College Park, GA",/atlanta-dream-tickets/wnba/2025-07-29-7-30-pm/17290132,regular_season,
Indiana Fever,Phoenix Mercury,13.0,2025-07-30,Wednesday,19:00,"Gainbridge Fieldhouse ·  ·  · Indianapolis, IN",/indiana-fever-tickets/wnba/2025-07-30-7-pm/17290361,regular_season,
Minnesota Lynx,New York Liberty,113.0,2025-07-30,Wednesday,19:00,"Target Center ·  ·  · Minneapolis, MN",/minnesota-lynx-tickets/wnba/2025-07-30-7-pm/17289999,regular_season,
Dallas Wings,Atlanta Dream,38.0,2025-07-30,Wednesday,19:00,"College Park Center ·  ·  · Arlington, TX",/dallas-wings-tickets/wnba/2025-07-30-7-pm/17290271,regular_season,
Washington Mystics,Golden State Valkyries,71.0,2025-07-31,Thursday,19:30,"CareFirst Arena ·  ·  · Washington, DC",/washington-mystics-tickets/wnba/2025-07-31-7-30-pm/17290003,regular_season,
Chicago Sky,Golden State Valkyries,51.0,2025-08-01,Friday,18:30,"Wintrust Arena ·  ·  · Chicago, IL",/chicago-sky-tickets/wnba/2025-08-01-6-30-pm/17290181,regular_season,
Dallas Wings,Indiana Fever,150.0,2025-08-01,Friday,18:30,"College Park Center ·  ·  · Arlington, TX",/dallas-wings-tickets/wnba/2025-08-01-6-30-pm/17290272,regular_season,
Seattle Storm,Los Angeles Sparks,23.0,2025-08-01,Friday,19:00,"Climate Pledge Arena ·  ·  · Seattle, WA",/seattle-storm-tickets/wnba/2025-08-01-7-pm/17290005,regular_season,
Connecticut Sun,New York Liberty,27.0,2025-08-01,Friday,19:30,"Mohegan Sun Arena ·  ·  · Uncasville, CT",/connecticut-sun-tickets/wnba/2025-08-01-7-30-pm/17290226,regular_season,
Atlanta Dream,Phoenix Mercury,35.0,2025-08-01,Friday,19:30,"Gateway Center Arena at College Park ·  ·  · College Park, GA",/atlanta-dream-tickets/wnba/2025-08-01-7-30-pm/17290133,regular_season,
Las Vegas Aces,Minnesota Lynx,14.0,2025-08-02,Saturday,12:00,"Michelob ULTRA Arena at Mandalay Bay Resort & Casino ·  ·  · Las Vegas, NV",/las-vegas-aces-tickets/wnba/2025-08-02-12-pm/17290397,regular_season,
Seattle Storm,Indiana Fever,91.0,2025-08-03,Sunday,12:00,"Climate Pledge Arena ·  ·  · Seattle, WA",/seattle-storm-tickets/wnba/2025-08-03-12-pm/17290007,regular_season,
Connecticut Sun,New York Liberty,47.0,2025-08-03,Sunday,13:00,"Mohegan Sun Arena ·  ·  · Uncasville, CT",/connecticut-sun-tickets/wnba/2025-08-03-1-pm/17290227,regular_season,
Atlanta Dream,Washington Mystics,40.0,2025-08-03,Sunday,15:00,"Gateway Center Arena at College Park ·  ·  · College Park, GA",/atlanta-dream-tickets/wnba/2025-08-03-3-pm/17290139,regular_season,
Las Vegas Aces,Golden State Valkyries,11.0,2025-08-03,Sunday,15:00,"Michelob ULTRA Arena at Mandalay Bay Resort & Casino ·  ·  · Las Vegas, NV",/las-vegas-aces-tickets/wnba/2025-08-03-3-pm/17290401,regular_season,
Chicago Sky,Phoenix Mercury,47.0,2025-08-03,Sunday,17:00,"Wintrust Arena ·  ·  · Chicago, IL",/chicago-sky-tickets/wnba/2025-08-03-5-pm/17290180,regular_season,
Phoenix Mercury,Connecticut Sun,13.0,2025-08-05,Tuesday,19:00,"PHX Arena ·  ·  · Phoenix, AZ",/phoenix-mercury-tickets/wnba/2025-08-05-7-pm/17290011,regular_season,
Seattle Storm,Minnesota Lynx,15.0,2025-08-05,Tuesday,19:00,"Climate Pledge Arena ·  ·  · Seattle, WA",/seattle-storm-tickets/wnba/2025-08-05-7-pm/17290014,regular_season,
New York Liberty,Dallas Wings,89.0,2025-08-05,Tuesday,19:00,"Barclays Center ·  ·  · Brooklyn, NY",/new-york-liberty-tickets/wnba/2025-08-05-7-pm/17290010,regular_season,
Chicago Sky,Washington Mystics,37.0,2025-08-05,Tuesday,19:00,"Wintrust Arena ·  ·  · Chicago, IL",/chicago-sky-tickets/wnba/2025-08-05-7-pm/17290182,regular_season,
Los Angeles Sparks,Indiana Fever,85.0,2025-08-05,Tuesday,19:00,"Crypto.com Arena ·  ·  · Los Angeles, CA",/los-angeles-sparks-tickets/wnba/2025-08-05-7-pm/17290009,regular_season,
Golden State Valkyries,Las Vegas Aces,53.0,2025-08-06,Wednesday,19:00,"Chase Center ·  ·  · San Francisco, CA",/golden-state-valkyries-tickets/wnba/2025-08-06-7-pm/17290313,regular_season,
Phoenix Mercury,Indiana Fever,52.0,2025-08-07,Thursday,19:00,"PHX Arena ·  ·  · Phoenix, AZ",/phoenix-mercury-tickets/wnba/2025-08-07-7-pm/17290019,regular_season,
Chicago Sky,Atlanta Dream,33.0,2025-08-07,Thursday,19:00,"Wintrust Arena ·  ·  · Chicago, IL",/chicago-sky-tickets/wnba/2025-08-07-7-pm/17290187,regular_season,
Los Angeles Sparks,Connecticut Sun,28.0,2025-08-07,Thursday,19:00,"Crypto.com Arena ·  ·  · Los Angeles, CA",/los-angeles-sparks-tickets/wnba/2025-08-07-7-pm/17290017,regular_season,
Minnesota Lynx,Washington Mystics,86.0,2025-08-08,Friday,18:30,"Target Center ·  ·  · Minneapolis, MN",/minnesota-lynx-tickets/wnba/2025-08-08-6-30-pm/17290021,regular_season,
Dallas Wings,New York Liberty,58.0,2025-08-08,Friday,18:30,"College Park Center ·  ·  · Arlington, TX",/dallas-wings-tickets/wnba/2025-08-08-6-30-pm/17290274,regular_season,
Las Vegas Aces,Seattle Storm,14.0,2025-08-08,Friday,19:00,"Michelob ULTRA Arena at Mandalay Bay Resort & Casino ·  ·  · Las Vegas, NV",/las-vegas-aces-tickets/wnba/2025-08-08-7-pm/17290402,regular_season,
Golden State Valkyries,Los Angeles Sparks,53.0,2025-08-09,Saturday,12:00,"Chase Center ·  ·  · San Francisco, CA",/golden-state-valkyries-tickets/wnba/2025-08-09-12-pm/17290315,regular_season,
Indiana Fever,Chicago Sky,55.0,2025-08-09,Saturday,20:00,"Gainbridge Fieldhouse ·  ·  · Indianapolis, IN",/indiana-fever-tickets/wnba/2025-08-09-8-pm/17290362,regular_season,
New York Liberty,Minnesota Lynx,24.0,2025-08-10,Sunday,12:30,"Barclays Center ·  ·  · Brooklyn, NY",/new-york-liberty-tickets/wnba/2025-08-10-12-30-pm/17290023,regular_season,
Phoenix Mercury,Atlanta Dream,18.0,2025-08-10,Sunday,15:00,"PHX Arena ·  ·  · Phoenix, AZ",/phoenix-mercury-tickets/wnba/2025-08-10-3-pm/17290025,regular_season,
Los Angeles Sparks,Seattle Storm,28.0,2025-08-10,Sunday,15:00,"Crypto.com Arena ·  ·  · Los Angeles, CA",/los-angeles-sparks-tickets/wnba/2025-08-10-3-pm/17290024,regular_season,
Dallas Wings,Washington Mystics,47.0,2025-08-10,Sunday,15:00,"College Park Center ·  ·  · Arlington, TX",/dallas-wings-tickets/wnba/2025-08-10-3-pm/17290275,regular_season,
Las Vegas Aces,Connecticut Sun,11.0,2025-08-10,Sunday,18:00,"Michelob ULTRA Arena at Mandalay Bay Resort & Casino ·  ·  · Las Vegas, NV",/las-vegas-aces-tickets/wnba/2025-08-10-6-pm/17290405,regular_season,
Golden State Valkyries,Connecticut Sun,25.0,2025-08-11,Monday,19:00,"Chase Center ·  ·  · San Francisco, CA",/golden-state-valkyries-tickets/wnba/2025-08-11-7-pm/17290317,regular_season,
Los Angeles Sparks,New York Liberty,48.0,2025-08-12,Tuesday,19:00,"Crypto.com Arena ·  ·  · Los Angeles, CA",/los-angeles-sparks-tickets/wnba/2025-08-12-7-pm/17290029,regular_season,
Indiana Fever,Dallas Wings,36.0,2025-08-12,Tuesday,19:30,"Gainbridge Fieldhouse ·  ·  · Indianapolis, IN",/indiana-fever-tickets/wnba/2025-08-12-7-30-pm/17290365,regular_season,
Las Vegas Aces,New York Liberty,20.0,2025-08-13,Wednesday,18:30,"Michelob ULTRA Arena at Mandalay Bay Resort & Casino ·  ·  · Las Vegas, NV",/las-vegas-aces-tickets/wnba/2025-08-13-6-30-pm/17290407,regular_season,
Connecticut Sun,Chicago Sky,22.0,2025-08-13,Wednesday,19:00,"Mohegan Sun Arena ·  ·  · Uncasville, CT",/connecticut-sun-tickets/wnba/2025-08-13-7-pm/17290229,regular_season,
Seattle Storm,Atlanta Dream,13.0,2025-08-13,Wednesday,19:00,"Climate Pledge Arena ·  ·  · Seattle, WA",/seattle-storm-tickets/wnba/2025-08-13-7-pm/17290031,regular_season,
Washington Mystics,Golden State Valkyries,32.0,2025-08-13,Wednesday,19:30,"CareFirst Arena ·  ·  · Washington, DC",/washington-mystics-tickets/wnba/2025-08-13-7-30-pm/17290032,regular_season,
Dallas Wings,Los Angeles Sparks,61.0,2025-08-15,Friday,18:30,"College Park Center ·  ·  · Arlington, TX",/dallas-wings-tickets/wnba/2025-08-15-6-30-pm/17290279,regular_season,
Chicago Sky,Golden State Valkyries,39.0,2025-08-15,Friday,18:30,"Wintrust Arena ·  ·  · Chicago, IL",/chicago-sky-tickets/wnba/2025-08-15-6-30-pm/17290189,regular_season,
Phoenix Mercury,Las Vegas Aces,19.0,2025-08-15,Friday,19:00,"PHX Arena ·  ·  · Phoenix, AZ",/phoenix-mercury-tickets/wnba/2025-08-15-7-pm/17290035,regular_season,
Seattle Storm,Atlanta Dream,,2025-08-15,Friday,19:00,"Vancouver, Canada",/wnba-canada-game-tickets/wnba/2025-08-15-7-pm/17313577,regular_season,
Indiana Fever,Washington Mystics,19.0,2025-08-15,Friday,19:30,"Gainbridge Fieldhouse ·  ·  · Indianapolis, IN",/indiana-fever-tickets/wnba/2025-08-15-7-30-pm/17290367,regular_season,
Minnesota Lynx,New York Liberty,138.0,2025-08-16,Saturday,13:00,"Target Center ·  ·  · Minneapolis, MN",/minnesota-lynx-tickets/wnba/2025-08-16-1-pm/17290036,regular_season,
Las Vegas Aces,Dallas Wings,18.0,2025-08-17,Sunday,12:30,"Michelob ULTRA Arena at Mandalay Bay Resort & Casino ·  ·  · Las Vegas, NV",/las-vegas-aces-tickets/wnba/2025-08-17-12-30-pm/17290408,regular_season,
Connecticut Sun,Indiana Fever,108.0,2025-08-17,Sunday,13:00,"Mohegan Sun Arena ·  ·  · Uncasville, CT",/connecticut-sun-tickets/wnba/2025-08-17-1-pm/17290233,regular_season,
Seattle Storm,Phoenix Mercury,14.0,2025-08-17,Sunday,15:00,"Climate Pledge Arena ·  ·  · Seattle, WA",/seattle-storm-tickets/wnba/2025-08-17-3-pm/17290038,regular_season,
Washington Mystics,Los Angeles Sparks,60.0,2025-08-17,Sunday,15:00,"CareFirst Arena ·  ·  · Washington, DC",/washington-mystics-tickets/wnba/2025-08-17-3-pm/17290041,regular_season,
Golden State Valkyries,Atlanta Dream,26.0,2025-08-17,Sunday,17:30,"Chase Center ·  ·  · San Francisco, CA",/golden-state-valkyries-tickets/wnba/2025-08-17-5-30-pm/17290319,regular_season,
Chicago Sky,Seattle Storm,33.0,2025-08-19,Tuesday,19:00,"Wintrust Arena ·  ·  · Chicago, IL",/chicago-sky-tickets/wnba/2025-08-19-7-pm/17290191,regular_season,
New York Liberty,Minnesota Lynx,18.0,2025-08-19,Tuesday,19:00,"Barclays Center ·  ·  · Brooklyn, NY",/new-york-liberty-tickets/wnba/2025-08-19-7-pm/17290043,regular_season,
Golden State Valkyries,Phoenix Mercury,33.0,2025-08-19,Tuesday,19:00,"Chase Center ·  ·  · San Francisco, CA",/golden-state-valkyries-tickets/wnba/2025-08-19-7-pm/17290320,regular_season,
Las Vegas Aces,Atlanta Dream,6.0,2025-08-19,Tuesday,19:00,"Michelob ULTRA Arena at Mandalay Bay Resort & Casino ·  ·  · Las Vegas, NV",/las-vegas-aces-tickets/wnba/2025-08-19-7-pm/17290409,regular_season,
Washington Mystics,Connecticut Sun,28.0,2025-08-19,Tuesday,19:30,"CareFirst Arena ·  ·  · Washington, DC",/washington-mystics-tickets/wnba/2025-08-19-7-30-pm/17290044,regular_season,
Los Angeles Sparks,Dallas Wings,49.0,2025-08-20,Wednesday,19:00,"Crypto.com Arena ·  ·  · Los Angeles, CA",/los-angeles-sparks-tickets/wnba/2025-08-20-7-pm/17290047,regular_season,
New York Liberty,Chicago Sky,19.0,2025-08-21,Thursday,19:00,"Barclays Center ·  ·  · Brooklyn, NY",/new-york-liberty-tickets/wnba/2025-08-21-7-pm/17290048,regular_season,
Las Vegas Aces,Phoenix Mercury,6.0,2025-08-21,Thursday,19:00,"Michelob ULTRA Arena at Mandalay Bay Resort & Casino ·  ·  · Las Vegas, NV",/las-vegas-aces-tickets/wnba/2025-08-21-7-pm/17290413,regular_season,
Connecticut Sun,Washington Mystics,14.0,2025-08-21,Thursday,19:00,"Mohegan Sun Arena ·  ·  · Uncasville, CT",/connecticut-sun-tickets/wnba/2025-08-21-7-pm/17290235,regular_season,
Atlanta Dream,Minnesota Lynx,36.0,2025-08-21,Thursday,19:30,"Gateway Center Arena at College Park ·  ·  · College Park, GA",/atlanta-dream-tickets/wnba/2025-08-21-7-30-pm/17290142,regular_season,
Dallas Wings,Seattle Storm,47.0,2025-08-22,Friday,18:30,"College Park Center ·  ·  · Arlington, TX",/dallas-wings-tickets/wnba/2025-08-22-6-30-pm/17290281,regular_season,
Phoenix Mercury,Golden State Valkyries,15.0,2025-08-22,Friday,19:00,"PHX Arena ·  ·  · Phoenix, AZ",/phoenix-mercury-tickets/wnba/2025-08-22-7-pm/17290050,regular_season,
Indiana Fever,Minnesota Lynx,32.0,2025-08-22,Friday,19:30,"Gainbridge Fieldhouse ·  ·  · Indianapolis, IN",/indiana-fever-tickets/wnba/2025-08-22-7-30-pm/17290368,regular_season,
Atlanta Dream,New York Liberty,52.0,2025-08-23,Saturday,14:00,"Gateway Center Arena at College Park ·  ·  · College Park, GA",/atlanta-dream-tickets/wnba/2025-08-23-2-pm/17290143,regular_season,
Washington Mystics,Las Vegas Aces,108.0,2025-08-23,Saturday,15:00,"CareFirst Arena ·  ·  · Washington, DC",/washington-mystics-tickets/wnba/2025-08-23-3-pm/17290053,regular_season,
Chicago Sky,Connecticut Sun,43.0,2025-08-23,Saturday,16:00,"Wintrust Arena ·  ·  · Chicago, IL",/chicago-sky-tickets/wnba/2025-08-23-4-pm/17290192,regular_season,
Dallas Wings,Golden State Valkyries,62.0,2025-08-24,Sunday,15:00,"College Park Center ·  ·  · Arlington, TX",/dallas-wings-tickets/wnba/2025-08-24-3-pm/17290283,regular_season,
Washington Mystics,Seattle Storm,54.0,2025-08-24,Sunday,15:00,"CareFirst Arena ·  ·  · Washington, DC",/washington-mystics-tickets/wnba/2025-08-24-3-pm/17290056,regular_season,
Minnesota Lynx,Indiana Fever,170.0,2025-08-24,Sunday,18:00,"Target Center ·  ·  · Minneapolis, MN",/minnesota-lynx-tickets/wnba/2025-08-24-6-pm/17290055,regular_season,
New York Liberty,Connecticut Sun,10.0,2025-08-25,Monday,19:00,"Barclays Center ·  ·  · Brooklyn, NY",/new-york-liberty-tickets/wnba/2025-08-25-7-pm/17290059,regular_season,
Chicago Sky,Las Vegas Aces,59.0,2025-08-25,Monday,19:00,"Wintrust Arena ·  ·  · Chicago, IL",/chicago-sky-tickets/wnba/2025-08-25-7-pm/17290194,regular_season,
Los Angeles Sparks,Phoenix Mercury,28.0,2025-08-26,Tuesday,19:00,"Crypto.com Arena ·  ·  · Los Angeles, CA",/los-angeles-sparks-tickets/wnba/2025-08-26-7-pm/17290060,regular_season,
Indiana Fever,Seattle Storm,12.0,2025-08-26,Tuesday,19:00,"Gainbridge Fieldhouse ·  ·  · Indianapolis, IN",/indiana-fever-tickets/wnba/2025-08-26-7-pm/17290371,regular_season,
Dallas Wings,Connecticut Sun,47.0,2025-08-27,Wednesday,19:00,"College Park Center ·  ·  · Arlington, TX",/dallas-wings-tickets/wnba/2025-08-27-7-pm/17290284,regular_season,
Atlanta Dream,Las Vegas Aces,67.0,2025-08-27,Wednesday,19:30,"Gateway Center Arena at College Park ·  ·  · College Park, GA",/atlanta-dream-tickets/wnba/2025-08-27-7-30-pm/17290144,regular_season,
New York Liberty,Washington Mystics,9.0,2025-08-28,Thursday,19:00,"Barclays Center ·  ·  · Brooklyn, NY",/new-york-liberty-tickets/wnba/2025-08-28-7-pm/17290064,regular_season,
Minnesota Lynx,Seattle Storm,86.0,2025-08-28,Thursday,19:00,"Target Center ·  ·  · Minneapolis, MN",/minnesota-lynx-tickets/wnba/2025-08-28-7-pm/17290063,regular_season,
Phoenix Mercury,Chicago Sky,21.0,2025-08-28,Thursday,19:00,"PHX Arena ·  ·  · Phoenix, AZ",/phoenix-mercury-tickets/wnba/2025-08-28-7-pm/17290067,regular_season,
Los Angeles Sparks,Indiana Fever,78.0,2025-08-29,Friday,19:00,"Crypto.com Arena ·  ·  · Los Angeles, CA",/los-angeles-sparks-tickets/wnba/2025-08-29-7-pm/17290068,regular_season,
Atlanta Dream,Dallas Wings,155.0,2025-08-29,Friday,19:30,"Gateway Center Arena at College Park ·  ·  · College Park, GA",/atlanta-dream-tickets/wnba/2025-08-29-7-30-pm/17290146,regular_season,
Golden State Valkyries,Washington Mystics,33.0,2025-08-30,Saturday,17:30,"Chase Center ·  ·  · San Francisco, CA",/golden-state-valkyries-tickets/wnba/2025-08-30-5-30-pm/17290323,regular_season,
Seattle Storm,Chicago Sky,23.0,2025-08-30,Saturday,18:00,"Climate Pledge Arena ·  ·  · Seattle, WA",/seattle-storm-tickets/wnba/2025-08-30-6-pm/17290072,regular_season,
Phoenix Mercury,New York Liberty,20.0,2025-08-30,Saturday,19:00,"PHX Arena ·  ·  · Phoenix, AZ",/phoenix-mercury-tickets/wnba/2025-08-30-7-pm/17290071,regular_season,
Connecticut Sun,Minnesota Lynx,18.0,2025-08-30,Saturday,19:00,"Mohegan Sun Arena ·  ·  · Uncasville, CT",/connecticut-sun-tickets/wnba/2025-08-30-7-pm/17290237,regular_season,
Los Angeles Sparks,Washington Mystics,28.0,2025-08-31,Sunday,17:00,"Crypto.com Arena ·  ·  · Los Angeles, CA",/los-angeles-sparks-tickets/wnba/2025-08-31-5-pm/17290075,regular_season,
Golden State Valkyries,Indiana Fever,154.0,2025-08-31,Sunday,17:30,"Chase Center ·  ·  · San Francisco, CA",/golden-state-valkyries-tickets/wnba/2025-08-31-5-30-pm/17290325,regular_season,
Connecticut Sun,Atlanta Dream,14.0,2025-09-01,Monday,13:00,"Mohegan Sun Arena ·  ·  · Uncasville, CT",/connecticut-sun-tickets/wnba/2025-09-01-1-pm/17290238,regular_season,
Minnesota Lynx,Dallas Wings,136.0,2025-09-01,Monday,19:00,"Target Center ·  ·  · Minneapolis, MN",/minnesota-lynx-tickets/wnba/2025-09-01-7-pm/17290076,regular_season,
Seattle Storm,Los Angeles Sparks,15.0,2025-09-01,Monday,19:00,"Climate Pledge Arena ·  ·  · Seattle, WA",/seattle-storm-tickets/wnba/2025-09-01-7-pm/17290079,regular_season,
Golden State Valkyries,New York Liberty,47.0,2025-09-02,Tuesday,19:00,"Chase Center ·  ·  · San Francisco, CA",/golden-state-valkyries-tickets/wnba/2025-09-02-7-pm/17290326,regular_season,
Phoenix Mercury,Indiana Fever,51.0,2025-09-02,Tuesday,19:00,"PHX Arena ·  ·  · Phoenix, AZ",/phoenix-mercury-tickets/wnba/2025-09-02-7-pm/17290080,regular_season,
Chicago Sky,Connecticut Sun,41.0,2025-09-03,Wednesday,19:00,"Wintrust Arena ·  ·  · Chicago, IL",/chicago-sky-tickets/wnba/2025-09-03-7-pm/17290196,regular_season,
Atlanta Dream,Los Angeles Sparks,33.0,2025-09-03,Wednesday,19:30,"Gateway Center Arena at College Park ·  ·  · College Park, GA",/atlanta-dream-tickets/wnba/2025-09-03-7-30-pm/17290151,regular_season,
Las Vegas Aces,Minnesota Lynx,10.0,2025-09-04,Thursday,19:00,"T-Mobile Arena ·  ·  · Las Vegas, NV",/las-vegas-aces-tickets/wnba/2025-09-04-7-pm/17290414,regular_season,
Golden State Valkyries,Dallas Wings,39.0,2025-09-04,Thursday,19:00,"Chase Center ·  ·  · San Francisco, CA",/golden-state-valkyries-tickets/wnba/2025-09-04-7-pm/17290328,regular_season,
Washington Mystics,Phoenix Mercury,44.0,2025-09-04,Thursday,19:30,"CareFirst Arena ·  ·  · Washington, DC",/washington-mystics-tickets/wnba/2025-09-04-7-30-pm/17290083,regular_season,
Seattle Storm,New York Liberty,21.0,2025-09-05,Friday,19:00,"Climate Pledge Arena ·  ·  · Seattle, WA",/seattle-storm-tickets/wnba/2025-09-05-7-pm/17290084,regular_season,
Atlanta Dream,Los Angeles Sparks,41.0,2025-09-05,Friday,19:30,"Gateway Center Arena at College Park ·  ·  · College Park, GA",/atlanta-dream-tickets/wnba/2025-09-05-7-30-pm/17290152,regular_season,
Indiana Fever,Chicago Sky,47.0,2025-09-05,Friday,19:30,"Gainbridge Fieldhouse ·  ·  · Indianapolis, IN",/indiana-fever-tickets/wnba/2025-09-05-7-30-pm/17290373,regular_season,
Connecticut Sun,Phoenix Mercury,8.0,2025-09-06,Saturday,13:00,"Mohegan Sun Arena ·  ·  · Uncasville, CT",/connecticut-sun-tickets/wnba/2025-09-06-1-pm/17290239,regular_season,
Golden State Valkyries,Minnesota Lynx,40.0,2025-09-06,Saturday,17:30,"Chase Center ·  ·  · San Francisco, CA",/golden-state-valkyries-tickets/wnba/2025-09-06-5-30-pm/17290331,regular_season,
Washington Mystics,Indiana Fever,128.0,2025-09-07,Sunday,15:00,"CFG Bank Arena ·  ·  · Baltimore, MD",/washington-mystics-tickets/wnba/2025-09-07-3-pm/17290088,regular_season,
Los Angeles Sparks,Dallas Wings,55.0,2025-09-07,Sunday,15:00,"Crypto.com Arena ·  ·  · Los Angeles, CA",/los-angeles-sparks-tickets/wnba/2025-09-07-3-pm/17290086,regular_season,
Las Vegas Aces,Chicago Sky,20.0,2025-09-07,Sunday,18:00,"T-Mobile Arena ·  ·  · Las Vegas, NV",/las-vegas-aces-tickets/wnba/2025-09-07-6-pm/17290417,regular_season,
Atlanta Dream,Connecticut Sun,45.0,2025-09-08,Monday,19:30,"Gateway Center Arena at College Park ·  ·  · College Park, GA",/atlanta-dream-tickets/wnba/2025-09-08-7-30-pm/17290155,regular_season,
Las Vegas Aces,Chicago Sky,16.0,2025-09-09,Tuesday,19:00,"T-Mobile Arena ·  ·  · Las Vegas, NV",/las-vegas-aces-tickets/wnba/2025-09-09-7-pm/17290419,regular_season,
New York Liberty,Washington Mystics,16.0,2025-09-09,Tuesday,19:00,"Barclays Center ·  ·  · Brooklyn, NY",/new-york-liberty-tickets/wnba/2025-09-09-7-pm/17290091,regular_season,
Seattle Storm,Golden State Valkyries,13.0,2025-09-09,Tuesday,19:00,"Climate Pledge Arena ·  ·  · Seattle, WA",/seattle-storm-tickets/wnba/2025-09-09-7-pm/17290095,regular_season,
Phoenix Mercury,Los Angeles Sparks,21.0,2025-09-09,Tuesday,19:00,"PHX Arena ·  ·  · Phoenix, AZ",/phoenix-mercury-tickets/wnba/2025-09-09-7-pm/17290092,regular_season,
Indiana Fever,Minnesota Lynx,15.0,2025-09-09,Tuesday,19:30,"Gainbridge Fieldhouse ·  ·  · Indianapolis, IN",/indiana-fever-tickets/wnba/2025-09-09-7-30-pm/17290374,regular_season,
Connecticut Sun,Atlanta Dream,15.0,2025-09-10,Wednesday,19:00,"Mohegan Sun Arena ·  ·  · Uncasville, CT",/connecticut-sun-tickets/wnba/2025-09-10-7-pm/17290242,regular_season,
Chicago Sky,New York Liberty,47.0,2025-09-11,Thursday,19:00,"Wintrust Arena ·  ·  · Chicago, IL",/chicago-sky-tickets/wnba/2025-09-11-7-pm/17290199,regular_season,
Dallas Wings,Phoenix Mercury,63.0,2025-09-11,Thursday,19:00,"College Park Center ·  ·  · Arlington, TX",/dallas-wings-tickets/wnba/2025-09-11-7-pm/17290286,regular_season,
Minnesota Lynx,Golden State Valkyries,132.0,2025-09-11,Thursday,19:00,"Target Center ·  ·  · Minneapolis, MN",/minnesota-lynx-tickets/wnba/2025-09-11-7-pm/17290098,regular_season,
Los Angeles Sparks,Las Vegas Aces,38.0,2025-09-11,Thursday,19:00,"Crypto.com Arena ·  ·  · Los Angeles, CA",/los-angeles-sparks-tickets/wnba/2025-09-11-7-pm/17290097,regular_season,
